"schema","table","column","data_type","precision","is_nullable","column_default"
"audit_recovery","tb_produccion_stage","BATIDAS","text","","YES",""
"audit_recovery","tb_produccion_stage","ENCOLH ACAB","text","","YES",""
"audit_recovery","tb_produccion_stage","ESTIRAGEM REVISAO","text","","YES",""
"audit_recovery","tb_produccion_stage","TEMPO LEIT MIN","text","","YES",""
"audit_recovery","tb_produccion_stage","TOTAL MINUTOS TUR","text","","YES",""
"audit_recovery","tb_produccion_stage","TOTAL MINUTOS TUR 1","text","","YES",""
"audit_recovery","tb_produccion_stage","TOTAL MINUTOS TUR 2","text","","YES",""
"audit_recovery","tb_produccion_stage","PARADA TEC TRAMA","text","","YES",""
"audit_recovery","tb_produccion_stage","PARADA TEC URDUME","text","","YES",""
"audit_recovery","tb_produccion_stage","PARADA TEC OUTROS","text","","YES",""
"audit_recovery","tb_produccion_stage","PARADA TEC STOP","text","","YES",""
"audit_recovery","tb_produccion_stage","BASE URDUME","text","","YES",""
"audit_recovery","tb_produccion_stage","RPM LEITURA","text","","YES",""
"audit_recovery","tb_produccion_stage","RPM NOMINALTEAR","text","","YES",""
"audit_recovery","tb_produccion_stage","GRUPO TEAR","text","","YES",""
"audit_recovery","tb_produccion_stage","DESC TEAR","text","","YES",""
"audit_recovery","tb_produccion_stage","MODELO TEAR","text","","YES",""
"audit_recovery","tb_produccion_stage","MAQ INDIGO","text","","YES",""
"public","calidad","id","integer","32","NO","nextval('calidad_id_seq'::regclass)"
"public","calidad","filial","character varying","2","NO",""
"public","calidad","fecha_produccion","date","","NO",""
"public","calidad","partida","character varying","20","YES",""
"public","calidad","artigo","character varying","20","YES",""
"public","calidad","lote","character varying","20","YES",""
"public","calidad","rolada","character varying","20","YES",""
"public","calidad","revisor","character varying","100","YES",""
"public","calidad","metros_revisados","numeric","12","YES",""
"public","calidad","metros_2a","numeric","12","YES",""
"public","calidad","puntos_defecto","integer","32","YES","0"
"public","calidad","puntos_100m2","numeric","8","YES",""
"public","calidad","porcentaje_calidad","numeric","5","YES",""
"public","calidad","created_at","timestamp without time zone","","YES","CURRENT_TIMESTAMP"
"public","calidad","updated_at","timestamp without time zone","","YES","CURRENT_TIMESTAMP"
"public","import_control","id","integer","32","NO","nextval('import_control_id_seq'::regclass)"
"public","import_control","tabla_destino","character varying","100","NO",""
"public","import_control","archivo_origen","character varying","500","NO",""
"public","import_control","ultima_importacion","timestamp without time zone","","YES",""
"public","import_control","fecha_modificacion_archivo","timestamp without time zone","","YES",""
"public","import_control","registros_importados","integer","32","YES","0"
"public","import_control","hash_archivo","character varying","64","YES",""
"public","import_control","estado","character varying","20","YES","'pending'::character varying"
"public","import_control","mensaje_error","text","","YES",""
"public","import_control","created_at","timestamp without time zone","","YES","CURRENT_TIMESTAMP"
"public","import_control","updated_at","timestamp without time zone","","YES","CURRENT_TIMESTAMP"
"public","produccion","id","integer","32","NO","nextval('produccion_id_seq'::regclass)"
"public","produccion","filial","character varying","2","NO",""
"public","produccion","fecha_produccion","date","","NO",""
"public","produccion","turno","character varying","1","YES",""
"public","produccion","maquina","character varying","10","NO",""
"public","produccion","artigo","character varying","20","YES",""
"public","produccion","partida","character varying","20","YES",""
"public","produccion","metros_producidos","numeric","12","YES",""
"public","produccion","metros_2a","numeric","12","YES",""
"public","produccion","total_minutos","integer","32","YES",""
"public","produccion","minutos_producao","integer","32","YES",""
"public","produccion","minutos_parada","integer","32","YES",""
"public","produccion","eficiencia","numeric","5","YES",""
"public","produccion","velocidade_media","numeric","8","YES",""
"public","produccion","largura_tela","numeric","6","YES",""
"public","produccion","peso_rolo","numeric","8","YES",""
"public","produccion","created_at","timestamp without time zone","","YES","CURRENT_TIMESTAMP"
"public","produccion","updated_at","timestamp without time zone","","YES","CURRENT_TIMESTAMP"
"public","residuos_indigo","id","integer","32","NO","nextval('residuos_indigo_id_seq'::regclass)"
"public","residuos_indigo","filial","character varying","2","NO",""
"public","residuos_indigo","fecha","date","","NO",""
"public","residuos_indigo","metros_producidos","numeric","12","YES",""
"public","residuos_indigo","estopa_azul_kg","numeric","10","YES",""
"public","residuos_indigo","porcentaje_estopa","numeric","5","YES",""
"public","residuos_indigo","created_at","timestamp without time zone","","YES","CURRENT_TIMESTAMP"
"public","residuos_indigo","updated_at","timestamp without time zone","","YES","CURRENT_TIMESTAMP"
"public","resumen_produccion_diaria","fecha_produccion","date","","YES",""
"public","resumen_produccion_diaria","filial","character varying","2","YES",""
"public","resumen_produccion_diaria","total_maquinas","bigint","64","YES",""
"public","resumen_produccion_diaria","metros_totales","numeric","","YES",""
"public","resumen_produccion_diaria","eficiencia_promedio","numeric","","YES",""
"public","resumen_produccion_diaria","minutos_parada_total","bigint","64","YES",""
"public","tb_calidad","EMP","text","","YES",""
"public","tb_calidad","DAT_PROD","text","","YES",""
"public","tb_calidad","GRP_DEF","text","","YES",""
"public","tb_calidad","COD_DE","text","","YES",""
"public","tb_calidad","DEFEITO","text","","YES",""
"public","tb_calidad","INDIGO","text","","YES",""
"public","tb_calidad","CC","text","","YES",""
"public","tb_calidad","GRP_TEAR","text","","YES",""
"public","tb_calidad","TEAR","text","","YES",""
"public","tb_calidad","ARTIGO","text","","YES",""
"public","tb_calidad","COR","text","","YES",""
"public","tb_calidad","PARTIDA","text","","YES",""
"public","tb_calidad","G_CMEST","text","","YES",""
"public","tb_calidad","ACONDIC","text","","YES",""
"public","tb_calidad","GRP_TEC","text","","YES",""
"public","tb_calidad","TRAMA","text","","YES",""
"public","tb_calidad","ROLADA","text","","YES",""
"public","tb_calidad","METRAGEM","text","","YES",""
"public","tb_calidad","QUALIDADE","text","","YES",""
"public","tb_calidad","PESO BRUTO","text","","YES",""
"public","tb_calidad","REVISOR FINAL","text","","YES",""
"public","tb_calidad","HORA","text","","YES",""
"public","tb_calidad","NM MERC","text","","YES",""
"public","tb_calidad","TUR TEC","text","","YES",""
"public","tb_calidad","T TEC1","text","","YES",""
"public","tb_calidad","T TEC2","text","","YES",""
"public","tb_calidad","EMENDAS","text","","YES",""
"public","tb_calidad","PEÇA","text","","YES",""
"public","tb_calidad","ETIQUETA","text","","YES",""
"public","tb_calidad","PESO LIQUIDO","text","","YES",""
"public","tb_calidad","LARGURA","text","","YES",""
"public","tb_calidad","GR/M2","text","","YES",""
"public","tb_calidad","T INDIGO","text","","YES",""
"public","tb_calidad","PONTUACAO","text","","YES",""
"public","tb_calidad","REPROCESSO","text","","YES",""
"public","tb_calidad","COD DIREC","text","","YES",""
"public","tb_calidad","DESC DIREC","text","","YES",""
"public","tb_calidad","DT INI TEC","text","","YES",""
"public","tb_calidad","HR INI TEC","text","","YES",""
"public","tb_calidad","DT FIM TEC","text","","YES",""
"public","tb_calidad","HR FIM TEC","text","","YES",""
"public","tb_calidad","RPM TECEL","text","","YES",""
"public","tb_calidad","GRUPO CMESTR","text","","YES",""
"public","tb_calidad","URDUME","text","","YES",""
"public","tb_calidad","MODELO TEAR","text","","YES",""
"public","tb_calidad","ST IND","text","","YES",""
"public","tb_calidad","G#PR","text","","YES",""
"public","tb_calidad","DT  TINGIMENTO","text","","YES",""
"public","tb_calidad","TURNO INDIGO","text","","YES",""
"public","tb_calidad","OPER INDIGO","text","","YES",""
"public","tb_calidad","LAVADEIRA 01","text","","YES",""
"public","tb_calidad","TURNO LAVAD","text","","YES",""
"public","tb_calidad","LAVADEIRA 02","text","","YES",""
"public","tb_calidad","TURNO LAVAD 1","text","","YES",""
"public","tb_calidad","LAVADEIRA 03","text","","YES",""
"public","tb_calidad","TURNO LAVAD 03","text","","YES",""
"public","tb_calidad","INTEGRADA","text","","YES",""
"public","tb_calidad","TURNO INTEGR","text","","YES",""
"public","tb_calidad","SANFOR 01","text","","YES",""
"public","tb_calidad","TURNO SANF 01","text","","YES",""
"public","tb_calidad","SANFOR 02","text","","YES",""
"public","tb_calidad","TURNO SANF 02","text","","YES",""
"public","tb_calidad","CALANDRA","text","","YES",""
"public","tb_calidad","TURNO CALAND","text","","YES",""
"public","tb_calidad","ESTAMAPRIA","text","","YES",""
"public","tb_calidad","TURNO ESTAMP","text","","YES",""
"public","tb_calidad","MERCERZ 01","text","","YES",""
"public","tb_calidad","TURNO MERC 01","text","","YES",""
"public","tb_calidad","MERCERZ 02","text","","YES",""
"public","tb_calidad","TURNO MERC 02","text","","YES",""
"public","tb_calidad","DATA PESAGEM","text","","YES",""
"public","tb_calidad","HORA PESAGEM","text","","YES",""
"public","tb_calidad","TURNO PESAGEM","text","","YES",""
"public","tb_calidad","LOCAL TECEL","text","","YES",""
"public","tb_calidad","DEF EMENDA","text","","YES",""
"public","tb_calidad","DESC DEF EMENDA","text","","YES",""
"public","tb_calidad","HORARIO_REVISAO","text","","YES",""
"public","tb_calidad","TURNO_HORARIO_REVISAO","text","","YES",""
"public","tb_calidad","TURNO_REVISAO","text","","YES",""
"public","tb_calidad","DATA_REVISAO","text","","YES",""
"public","tb_calidad","REVISOR EMENDA","text","","YES",""
"public","tb_calidad","HORA PECA FINAL","text","","YES",""
"public","tb_calidad","TURNO PECA FINAL","text","","YES",""
"public","tb_calidad","G.PR","text","","YES",""
"public","tb_calidad","DEFEITO MANCHA","text","","YES",""
"public","tb_calidad_fibra","ITEM","text","","YES",""
"public","tb_calidad_fibra","DESC_ITEM","text","","YES",""
"public","tb_calidad_fibra","ID","text","","YES",""
"public","tb_calidad_fibra","DATA_MOVIMENTO","text","","YES",""
"public","tb_calidad_fibra","TIPO_MOV","text","","YES",""
"public","tb_calidad_fibra","PRODUTOR","text","","YES",""
"public","tb_calidad_fibra","PROCED","text","","YES",""
"public","tb_calidad_fibra","LOTE","text","","YES",""
"public","tb_calidad_fibra","PILHA","text","","YES",""
"public","tb_calidad_fibra","DESTINO","text","","YES",""
"public","tb_calidad_fibra","COR","text","","YES",""
"public","tb_calidad_fibra","TP_MIC","text","","YES",""
"public","tb_calidad_fibra","TP","text","","YES",""
"public","tb_calidad_fibra","CLASSIFIC","text","","YES",""
"public","tb_calidad_fibra","LOTE_INTERNO","text","","YES",""
"public","tb_calidad_fibra","CORTEZA","text","","YES",""
"public","tb_calidad_fibra","QTDE","text","","YES",""
"public","tb_calidad_fibra","MISTURA","text","","YES",""
"public","tb_calidad_fibra","SEQ","text","","YES",""
"public","tb_calidad_fibra","TIPO_MP","text","","YES",""
"public","tb_calidad_fibra","FORNECEDOR","text","","YES",""
"public","tb_calidad_fibra","NMFORN","text","","YES",""
"public","tb_calidad_fibra","NF","text","","YES",""
"public","tb_calidad_fibra","LOTE_FIAC","text","","YES",""
"public","tb_calidad_fibra","TAM","text","","YES",""
"public","tb_calidad_fibra","SCI","text","","YES",""
"public","tb_calidad_fibra","MST","text","","YES",""
"public","tb_calidad_fibra","MIC","text","","YES",""
"public","tb_calidad_fibra","MAT","text","","YES",""
"public","tb_calidad_fibra","UHML","text","","YES",""
"public","tb_calidad_fibra","UI","text","","YES",""
"public","tb_calidad_fibra","SF","text","","YES",""
"public","tb_calidad_fibra","STR","text","","YES",""
"public","tb_calidad_fibra","ELG","text","","YES",""
"public","tb_calidad_fibra","RD","text","","YES",""
"public","tb_calidad_fibra","PLUS_B","text","","YES",""
"public","tb_calidad_fibra","TIPO","text","","YES",""
"public","tb_calidad_fibra","TrCNT","text","","YES",""
"public","tb_calidad_fibra","TrAR","text","","YES",""
"public","tb_calidad_fibra","TRID","text","","YES",""
"public","tb_calidad_fibra","SAC","text","","YES",""
"public","tb_calidad_fibra","PIM","text","","YES",""
"public","tb_calidad_fibra","SC","text","","YES",""
"public","tb_calidad_fibra","BENF","text","","YES",""
"public","tb_calidad_fibra","TP_SELO","text","","YES",""
"public","tb_calidad_fibra","NUM_SELO","text","","YES",""
"public","tb_calidad_fibra","PESO","text","","YES",""
"public","tb_calidad_fibra","PESO_MEDIO","text","","YES",""
"public","tb_calidad_fibra","ENT_SAI","text","","YES",""
"public","tb_calidad_fibra","UM","text","","YES",""
"public","tb_calidad_fibra","OBSERVACAO","text","","YES",""
"public","tb_calidad_fibra","IDFIL","text","","YES",""
"public","tb_calidad_fibra","DT_EMISSAO","text","","YES",""
"public","tb_calidad_fibra","DT_ENTRADA_PROD","text","","YES",""
"public","tb_calidad_fibra","HR_ENTRADA_PROD","text","","YES",""
"public","tb_calidad_fibra","TURNO_ENT_PROD","text","","YES",""
"public","tb_calidad_fibra","LADO","text","","YES",""
"public","tb_calidad_fibra","FARDOS_TESTADOS","text","","YES",""
"public","tb_calidad_fibra","FORNECEDOR_2","text","","YES",""
"public","tb_calidad_fibra","CONSIGNADO","text","","YES",""
"public","tb_calidad_fibra","LIBERADO","text","","YES",""
"public","tb_calidad_fibra","DATA_LIBERACAO","text","","YES",""
"public","tb_calidad_fibra","DOC_VENDA","text","","YES",""
"public","tb_calidad_fibra","DT_EMIS_DOC_VENDA","text","","YES",""
"public","tb_calidad_fibra","USU_LIBEROU","text","","YES",""
"public","tb_calidad_fibra","DT_INCLUSAO","text","","YES",""
"public","tb_calidad_fibra","USU_INCLUSAO","text","","YES",""
"public","tb_calidad_fibra","DT_ALTERACAO","text","","YES",""
"public","tb_calidad_fibra","USU_ALTERACAO","text","","YES",""
"public","tb_column_warnings_history","id","bigint","64","NO","nextval('tb_column_warnings_history_id_seq'::regclass)"
"public","tb_column_warnings_history","table_name","text","","NO",""
"public","tb_column_warnings_history","csv_path","text","","YES",""
"public","tb_column_warnings_history","detected_at","timestamp with time zone","","NO","now()"
"public","tb_column_warnings_history","extra_columns","ARRAY","","NO","'{}'::text[]"
"public","tb_column_warnings_history","missing_columns","ARRAY","","NO","'{}'::text[]"
"public","tb_config_hilos","id","integer","32","NO","nextval('tb_config_hilos_id_seq'::regclass)"
"public","tb_config_hilos","version_nombre","character varying","50","NO","'v1'::character varying"
"public","tb_config_hilos","activa","boolean","","YES","true"
"public","tb_config_hilos","titulo_ne","character varying","20","NO",""
"public","tb_config_hilos","aplicacion","character varying","50","YES",""
"public","tb_config_hilos","sci_min","integer","32","NO",""
"public","tb_config_hilos","str_min","numeric","4","NO",""
"public","tb_config_hilos","mic_min","numeric","3","NO",""
"public","tb_config_hilos","mic_max","numeric","3","NO",""
"public","tb_config_hilos","sf_max","numeric","4","NO",""
"public","tb_config_hilos","created_at","timestamp without time zone","","YES","CURRENT_TIMESTAMP"
"public","tb_config_tolerancias","id","integer","32","NO","nextval('tb_config_tolerancias_id_seq'::regclass)"
"public","tb_config_tolerancias","version_nombre","character varying","50","NO",""
"public","tb_config_tolerancias","parametro","character varying","20","NO",""
"public","tb_config_tolerancias","valor_ideal_min","numeric","5","YES",""
"public","tb_config_tolerancias","rango_tol_min","numeric","5","YES",""
"public","tb_config_tolerancias","rango_tol_max","numeric","5","YES",""
"public","tb_config_tolerancias","porcentaje_min_ideal","integer","32","NO","80"
"public","tb_config_tolerancias","created_at","timestamp without time zone","","YES","CURRENT_TIMESTAMP"
"public","tb_config_tolerancias","limite_max_absoluto","numeric","5","YES",""
"public","tb_config_tolerancias","limite_min_absoluto","numeric","5","YES",""
"public","tb_config_tolerancias","promedio_objetivo_max","numeric","5","YES",""
"public","tb_costo_item_alias","id","integer","32","NO","nextval('tb_costo_item_alias_id_seq'::regclass)"
"public","tb_costo_item_alias","item_id","integer","32","NO",""
"public","tb_costo_item_alias","origen","text","","NO",""
"public","tb_costo_item_alias","nombre_en_origen","text","","NO",""
"public","tb_costo_items","id","integer","32","NO","nextval('tb_costo_items_id_seq'::regclass)"
"public","tb_costo_items","codigo","text","","NO",""
"public","tb_costo_items","descripcion","text","","NO",""
"public","tb_costo_items","unidad","text","","NO","'KG'::text"
"public","tb_costo_items","activo","boolean","","NO","true"
"public","tb_costo_mensual","id","integer","32","NO","nextval('tb_costo_mensual_id_seq'::regclass)"
"public","tb_costo_mensual","yyyymm","text","","NO",""
"public","tb_costo_mensual","item_id","integer","32","NO",""
"public","tb_costo_mensual","ars_por_unidad","numeric","","NO",""
"public","tb_costo_mensual","observaciones","text","","YES",""
"public","tb_defectos","FILIAL","text","","YES",""
"public","tb_defectos","PARTIDA","text","","YES",""
"public","tb_defectos","PECA","text","","YES",""
"public","tb_defectos","ETIQUETA","text","","YES",""
"public","tb_defectos","ARTIGO","text","","YES",""
"public","tb_defectos","NM_MERC","text","","YES",""
"public","tb_defectos","COD_DEF","text","","YES",""
"public","tb_defectos","DESC_DEFEITO","text","","YES",""
"public","tb_defectos","PONTOS","text","","YES",""
"public","tb_defectos","QUALIDADE","text","","YES",""
"public","tb_defectos","DATA_PROD","text","","YES",""
"public","tb_est_mp","id","integer","32","NO","nextval('tb_est_mp_id_seq'::regclass)"
"public","tb_est_mp","created_at","timestamp without time zone","","YES","now()"
"public","tb_est_mp","updated_at","timestamp without time zone","","YES","now()"
"public","tb_est_mp","ITEM","text","","YES",""
"public","tb_est_mp","DESC_ITEM","text","","YES",""
"public","tb_est_mp","PRODUTOR","text","","YES",""
"public","tb_est_mp","PROCED","text","","YES",""
"public","tb_est_mp","NMFORN","text","","YES",""
"public","tb_est_mp","TAM","text","","YES",""
"public","tb_est_mp","PILHA","text","","YES",""
"public","tb_est_mp","DESTINO","text","","YES",""
"public","tb_est_mp","LOTE","text","","YES",""
"public","tb_est_mp","TP","text","","YES",""
"public","tb_est_mp","CLASSIF","text","","YES",""
"public","tb_est_mp","COR","text","","YES",""
"public","tb_est_mp","TP MIC","text","","YES",""
"public","tb_est_mp","LOTE ADIC","text","","YES",""
"public","tb_est_mp","NUM. DOC (NF)","text","","YES",""
"public","tb_est_mp","QTDE ESTOQUE","text","","YES",""
"public","tb_est_mp","QTDE RESERV","text","","YES",""
"public","tb_est_mp","SALDO DISPONIVEL","text","","YES",""
"public","tb_est_mp","SCI","text","","YES",""
"public","tb_est_mp","MST","text","","YES",""
"public","tb_est_mp","MIC","text","","YES",""
"public","tb_est_mp","MAT","text","","YES",""
"public","tb_est_mp","UHML","text","","YES",""
"public","tb_est_mp","UI","text","","YES",""
"public","tb_est_mp","SF","text","","YES",""
"public","tb_est_mp","STR","text","","YES",""
"public","tb_est_mp","ELG","text","","YES",""
"public","tb_est_mp","RD","text","","YES",""
"public","tb_est_mp","+b","text","","YES",""
"public","tb_est_mp","TIPO","text","","YES",""
"public","tb_est_mp","TrCNT","text","","YES",""
"public","tb_est_mp","TrAR","text","","YES",""
"public","tb_est_mp","TRID","text","","YES",""
"public","tb_est_mp","SAC","text","","YES",""
"public","tb_est_mp","PIM","text","","YES",""
"public","tb_est_mp","SC","text","","YES",""
"public","tb_est_mp","TEM SELO","text","","YES",""
"public","tb_est_mp","SELO","text","","YES",""
"public","tb_est_mp","NUM. SELO","text","","YES",""
"public","tb_est_mp","BENF","text","","YES",""
"public","tb_est_mp","OBS","text","","YES",""
"public","tb_est_mp","PESO","text","","YES",""
"public","tb_est_mp","PESO_MEDIO","text","","YES",""
"public","tb_est_mp","UM","text","","YES",""
"public","tb_est_mp","DT_ULT_MOV","text","","YES",""
"public","tb_est_mp","TESTE","text","","YES",""
"public","tb_est_mp","CORTEZA","text","","YES",""
"public","tb_est_mp","CONSIGNADO","text","","YES",""
"public","tb_est_mp","CONSIG_DISP","text","","YES",""
"public","tb_est_mp","PEGAJOS","text","","YES",""
"public","tb_est_mp","DESC PEGAJOS","text","","YES",""
"public","tb_est_mp","CAULE","text","","YES",""
"public","tb_est_mp","DESC CAULE","text","","YES",""
"public","tb_est_mp","FOL SECA","text","","YES",""
"public","tb_est_mp","DESC FOL SECA","text","","YES",""
"public","tb_est_mp","MAN OLEO","text","","YES",""
"public","tb_est_mp","DESC MAN OLEO","text","","YES",""
"public","tb_est_mp","ENCARN","text","","YES",""
"public","tb_est_mp","DESC ENCARN","text","","YES",""
"public","tb_est_mp","FOL VERD","text","","YES",""
"public","tb_est_mp","DESC FOL VERD","text","","YES",""
"public","tb_est_mp","CASQUIN","text","","YES",""
"public","tb_est_mp","DESC CASQUIN","text","","YES",""
"public","tb_est_mp","PO","text","","YES",""
"public","tb_est_mp","DESC PO","text","","YES",""
"public","tb_fichas","ARTIGO CODIGO","text","","YES",""
"public","tb_fichas","ARTIGO","text","","YES",""
"public","tb_fichas","COR","text","","YES",""
"public","tb_fichas","NCM","text","","YES",""
"public","tb_fichas","BASE","text","","YES",""
"public","tb_fichas","UnP","text","","YES",""
"public","tb_fichas","VENDA","text","","YES",""
"public","tb_fichas","PRODUÇÃO","text","","YES",""
"public","tb_fichas","NOME REDUZIDO","text","","YES",""
"public","tb_fichas","NOME DE MERCADO","text","","YES",""
"public","tb_fichas","COMPOSIÇÃO","text","","YES",""
"public","tb_fichas","LARGURA cm","text","","YES",""
"public","tb_fichas","g/m2","text","","YES",""
"public","tb_fichas","TRAMA","text","","YES",""
"public","tb_fichas","URDUME","text","","YES",""
"public","tb_fichas","RENDIMENTO","text","","YES",""
"public","tb_fichas","CLIENTE","text","","YES",""
"public","tb_fichas","OBS","text","","YES",""
"public","tb_fichas","ESTAMPARIA","text","","YES",""
"public","tb_fichas","LINHA","text","","YES",""
"public","tb_fichas","SARJA","text","","YES",""
"public","tb_fichas","COD. RETALHO","text","","YES",""
"public","tb_fichas","SAP","text","","YES",""
"public","tb_fichas","TRAMA REDUZIDO","text","","YES",""
"public","tb_fichas","SGS","text","","YES",""
"public","tb_fichas","SGS UN 1","text","","YES",""
"public","tb_fichas","DESCRIÇÃO","text","","YES",""
"public","tb_fichas","BATIDAS/FIO","text","","YES",""
"public","tb_fichas","NE RESULTANTE","text","","YES",""
"public","tb_fichas","SAP 1","text","","YES",""
"public","tb_fichas","TRAMA REDUZIDO 1","text","","YES",""
"public","tb_fichas","SGS 1","text","","YES",""
"public","tb_fichas","SGS UN 2","text","","YES",""
"public","tb_fichas","DESCRIÇÃO 1","text","","YES",""
"public","tb_fichas","BATIDAS/FIO 1","text","","YES",""
"public","tb_fichas","NE RESULTANTE 1","text","","YES",""
"public","tb_fichas","CONS.TR/m","text","","YES",""
"public","tb_fichas","SGS 2","text","","YES",""
"public","tb_fichas","QT.FIOS","text","","YES",""
"public","tb_fichas","NE RESULTANTE 2","text","","YES",""
"public","tb_fichas","SGS 3","text","","YES",""
"public","tb_fichas","QT.FIOS 1","text","","YES",""
"public","tb_fichas","NE RESULTANTE 3","text","","YES",""
"public","tb_fichas","CONS.URD/m","text","","YES",""
"public","tb_fichas","BATIDA","text","","YES",""
"public","tb_fichas","LARG.PENTE","text","","YES",""
"public","tb_fichas","LARG.CRU","text","","YES",""
"public","tb_fichas","PESO/m CRU","text","","YES",""
"public","tb_fichas","Oz/jd2","text","","YES",""
"public","tb_fichas","Peso/m2","text","","YES",""
"public","tb_fichas","LARGURA MIN","text","","YES",""
"public","tb_fichas","LARGURA","text","","YES",""
"public","tb_fichas","LARGURA MAX","text","","YES",""
"public","tb_fichas","SKEW MIN","text","","YES",""
"public","tb_fichas","SKEW MAX","text","","YES",""
"public","tb_fichas","URD.MIN","text","","YES",""
"public","tb_fichas","URD.MAX","text","","YES",""
"public","tb_fichas","TRAMA MIN","text","","YES",""
"public","tb_fichas","TRAMA MAX","text","","YES",""
"public","tb_fichas","VAR STR.MIN TRAMA","text","","YES",""
"public","tb_fichas","VAR STR.MAX TRAMA","text","","YES",""
"public","tb_fichas","VAR STR.MIN URD","text","","YES",""
"public","tb_fichas","VAR STR.MAX URD","text","","YES",""
"public","tb_fichas","PONTOS","text","","YES",""
"public","tb_fichas","ENC.TEC.URDUME","text","","YES",""
"public","tb_fichas","ENC. TEC.TRAMA","text","","YES",""
"public","tb_fichas","ENC.ACAB URD","text","","YES",""
"public","tb_fichas","ENC.ACAB TRAMA","text","","YES",""
"public","tb_fichas","LAV.AMAC.URD","text","","YES",""
"public","tb_fichas","LAV.AMAC.TRM","text","","YES",""
"public","tb_fichas","LAV STONE","text","","YES",""
"public","tb_fichas","LAV STONE 1","text","","YES",""
"public","tb_fichas","STRET LAV STONE","text","","YES",""
"public","tb_historico_configuraciones","id","integer","32","NO","nextval('tb_historico_configuraciones_id_seq'::regclass)"
"public","tb_historico_configuraciones","version_nombre","character varying","50","NO",""
"public","tb_historico_configuraciones","fecha_guardado","timestamp without time zone","","YES","CURRENT_TIMESTAMP"
"public","tb_historico_configuraciones","snapshot_json","jsonb","","NO",""
"public","tb_historico_configuraciones","usuario_responsable","character varying","100","YES",""
"public","tb_hvi_detalles","id","integer","32","NO","nextval('tb_hvi_detalles_id_seq'::regclass)"
"public","tb_hvi_detalles","ensayo_id","integer","32","YES",""
"public","tb_hvi_detalles","fardo","text","","YES",""
"public","tb_hvi_detalles","sci","numeric","","YES",""
"public","tb_hvi_detalles","mst","numeric","","YES",""
"public","tb_hvi_detalles","mic","numeric","","YES",""
"public","tb_hvi_detalles","mat","numeric","","YES",""
"public","tb_hvi_detalles","uhml","numeric","","YES",""
"public","tb_hvi_detalles","ui","numeric","","YES",""
"public","tb_hvi_detalles","sf","numeric","","YES",""
"public","tb_hvi_detalles","str","numeric","","YES",""
"public","tb_hvi_detalles","elg","numeric","","YES",""
"public","tb_hvi_detalles","rd","numeric","","YES",""
"public","tb_hvi_detalles","plus_b","numeric","","YES",""
"public","tb_hvi_detalles","tipo","text","","YES",""
"public","tb_hvi_detalles","tr_cnt","numeric","","YES",""
"public","tb_hvi_detalles","tr_ar","numeric","","YES",""
"public","tb_hvi_detalles","trid","numeric","","YES",""
"public","tb_hvi_ensayos","id","integer","32","NO","nextval('tb_hvi_ensayos_id_seq'::regclass)"
"public","tb_hvi_ensayos","tipo","text","","YES",""
"public","tb_hvi_ensayos","lote","text","","NO",""
"public","tb_hvi_ensayos","proveedor","text","","YES",""
"public","tb_hvi_ensayos","grado","text","","YES",""
"public","tb_hvi_ensayos","fecha","text","","YES",""
"public","tb_hvi_ensayos","muestra","text","","YES",""
"public","tb_hvi_ensayos","archivo_fuente","text","","YES",""
"public","tb_hvi_ensayos","creado_at","timestamp without time zone","","YES","CURRENT_TIMESTAMP"
"public","tb_hvi_ensayos","cantidad","integer","32","YES",""
"public","tb_hvi_ensayos","color","text","","YES",""
"public","tb_hvi_ensayos","cort","integer","32","YES",""
"public","tb_hvi_ensayos","obs","text","","YES",""
"public","tb_import_metadata","table_name","text","","NO",""
"public","tb_import_metadata","last_import_date","timestamp without time zone","","YES",""
"public","tb_import_metadata","file_mtime","timestamp without time zone","","YES",""
"public","tb_import_metadata","rows_imported","integer","32","YES",""
"public","tb_import_metadata","csv_file","text","","YES",""
"public","tb_import_metadata","last_mode","text","","YES",""
"public","tb_import_metadata","last_error","text","","YES",""
"public","tb_import_metadata","last_duration_ms","integer","32","YES",""
"public","tb_import_metadata","last_skipped","integer","32","YES",""
"public","tb_import_metadata","last_mode_reason","text","","YES",""
"public","tb_import_metadata","created_at","timestamp without time zone","","YES","now()"
"public","tb_import_metadata","updated_at","timestamp without time zone","","YES","now()"
"public","tb_metas","id","bigint","64","NO","nextval('tb_metas_id_seq'::regclass)"
"public","tb_metas","Dia","date","","NO",""
"public","tb_metas","Indigo","numeric","","YES",""
"public","tb_metas","Meta_Eficiencia_INDIGO","numeric","","YES",""
"public","tb_metas","Meta_Rotura_INDIGO","numeric","","YES",""
"public","tb_metas","Meta_Estopa_Azul","numeric","","YES",""
"public","tb_metas","Tejeduria","numeric","","YES",""
"public","tb_metas","RU105","numeric","","YES",""
"public","tb_metas","RT105","numeric","","YES",""
"public","tb_metas","EFI_Percent","numeric","","YES",""
"public","tb_metas","Meta_Estopa_Azul_Tejeduria","numeric","","YES",""
"public","tb_metas","Integrada","numeric","","YES",""
"public","tb_metas","Meta_Velocidad_Integrada","numeric","","YES",""
"public","tb_metas","Meta_ENC_URD_Integrada","numeric","","YES",""
"public","tb_metas","Revision","numeric","","YES",""
"public","tb_metas","Dia_Invertido","integer","32","YES",""
"public","tb_metas","created_at","timestamp without time zone","","YES","now()"
"public","tb_metas","updated_at","timestamp without time zone","","YES","now()"
"public","tb_narrativa_cache","cache_key","character varying","64","NO",""
"public","tb_narrativa_cache","lotes","text","","NO",""
"public","tb_narrativa_cache","fecha","character varying","20","YES",""
"public","tb_narrativa_cache","formato","character varying","32","YES",""
"public","tb_narrativa_cache","modelo","character varying","64","YES",""
"public","tb_narrativa_cache","data_hash","character varying","64","NO",""
"public","tb_narrativa_cache","narrativa","text","","NO",""
"public","tb_narrativa_cache","json_analisis_ia","jsonb","","YES",""
"public","tb_narrativa_cache","modelo_usado","character varying","64","YES",""
"public","tb_narrativa_cache","token_info","jsonb","","YES",""
"public","tb_narrativa_cache","created_at","timestamp with time zone","","YES","now()"
"public","tb_narrativa_cache","last_hit_at","timestamp with time zone","","YES","now()"
"public","tb_narrativa_cache","hits","integer","32","YES","0"
"public","tb_narrativa_log","id","integer","32","NO","nextval('tb_narrativa_log_id_seq'::regclass)"
"public","tb_narrativa_log","lotes","text","","NO",""
"public","tb_narrativa_log","fecha_corte","character varying","20","YES",""
"public","tb_narrativa_log","formato","character varying","32","YES",""
"public","tb_narrativa_log","idioma","character varying","10","YES","'es'::character varying"
"public","tb_narrativa_log","modelo","character varying","64","YES",""
"public","tb_narrativa_log","tokens_entrada","integer","32","YES","0"
"public","tb_narrativa_log","tokens_salida","integer","32","YES","0"
"public","tb_narrativa_log","tokens_total","integer","32","YES","0"
"public","tb_narrativa_log","costo_usd","numeric","12","YES","0"
"public","tb_narrativa_log","fuente","character varying","16","YES","'gemini'::character varying"
"public","tb_narrativa_log","desde_cache","boolean","","YES","false"
"public","tb_narrativa_log","created_at","timestamp with time zone","","YES","now()"
"public","tb_paradas","FILIAL","text","","YES",""
"public","tb_paradas","MAQUINA","text","","YES",""
"public","tb_paradas","TP_MAQ","text","","YES",""
"public","tb_paradas","PROCESSO","text","","YES",""
"public","tb_paradas","DATA_BASE","text","","YES",""
"public","tb_paradas","HORA_INICIO","text","","YES",""
"public","tb_paradas","HORA_FINAL","text","","YES",""
"public","tb_paradas","TURNO","text","","YES",""
"public","tb_paradas","DURACAO","text","","YES",""
"public","tb_paradas","NUM OCORREN","text","","YES",""
"public","tb_paradas","OPERADOR","text","","YES",""
"public","tb_paradas","NOME_OPER","text","","YES",""
"public","tb_paradas","MOTIVO","text","","YES",""
"public","tb_paradas","DESC_MOTIVO","text","","YES",""
"public","tb_paradas","GRUPO","text","","YES",""
"public","tb_paradas","DESC_GRP_MOTIVO","text","","YES",""
"public","tb_paradas","CAUSA","text","","YES",""
"public","tb_paradas","DESC_CAUSA","text","","YES",""
"public","tb_paradas","LADO","text","","YES",""
"public","tb_paradas","POSICAO","text","","YES",""
"public","tb_paradas","PARTIDA","text","","YES",""
"public","tb_paradas","URDUME","text","","YES",""
"public","tb_paradas","INDIGO","text","","YES",""
"public","tb_paradas","DATA_TINGIMENT","text","","YES",""
"public","tb_paradas","TURNO_TING","text","","YES",""
"public","tb_paradas","STATUS_INDIG","text","","YES",""
"public","tb_paradas","OPER_TING","text","","YES",""
"public","tb_paradas","NOME_OPER_TING","text","","YES",""
"public","tb_paradas","GRUPO_MAQ","text","","YES",""
"public","tb_paradas","OBS","text","","YES",""
"public","tb_paradas","PARTIDA_ORIGINAL","text","","YES",""
"public","tb_paradas","CV_ORIG","text","","YES",""
"public","tb_paradas","ST_ORIG","text","","YES",""
"public","tb_paradas","OBS_ORIG","text","","YES",""
"public","tb_paradas","PARTIDA_ANTERIOR","text","","YES",""
"public","tb_paradas","CV_ANT","text","","YES",""
"public","tb_paradas","ST_ANT","text","","YES",""
"public","tb_paradas","OBS_ANT","text","","YES",""
"public","tb_paradas","PARTIDA_POSTERIOR","text","","YES",""
"public","tb_paradas","CV_POS","text","","YES",""
"public","tb_paradas","ST_POS","text","","YES",""
"public","tb_paradas","OBS_POS","text","","YES",""
"public","tb_paradas","ROLADA","text","","YES",""
"public","tb_paradas","ID TROCA ROLADA","text","","YES",""
"public","tb_paradas","MOTIVO1","text","","YES",""
"public","tb_paradas","DESCRICAO MOTIVO","text","","YES",""
"public","tb_paradas","ROLADA INICIAL","text","","YES",""
"public","tb_paradas","COR","text","","YES",""
"public","tb_paradas","ROLADA FINAL","text","","YES",""
"public","tb_paradas","COR1","text","","YES",""
"public","tb_paradas","OBS TROCA ROLADA","text","","YES",""
"public","tb_paradas","TEMPO PREVISTO","text","","YES",""
"public","tb_paradas","SUB-GRUPO","text","","YES",""
"public","tb_paradas","DESC SUB-GRUPO","text","","YES",""
"public","tb_parametros_hvi","id","integer","32","NO","nextval('tb_parametros_hvi_id_seq'::regclass)"
"public","tb_parametros_hvi","codigo","character varying","20","NO",""
"public","tb_parametros_hvi","nombre","character varying","100","NO",""
"public","tb_parametros_hvi","descripcion","text","","YES",""
"public","tb_parametros_hvi","unidad","character varying","20","YES",""
"public","tb_parametros_hvi","tipo_dato","character varying","20","NO",""
"public","tb_parametros_hvi","decimales","integer","32","YES","2"
"public","tb_parametros_hvi","optimo_min","numeric","10","YES",""
"public","tb_parametros_hvi","optimo_max","numeric","10","YES",""
"public","tb_parametros_hvi","aceptable_min","numeric","10","YES",""
"public","tb_parametros_hvi","aceptable_max","numeric","10","YES",""
"public","tb_parametros_hvi","critico_min","numeric","10","YES",""
"public","tb_parametros_hvi","critico_max","numeric","10","YES",""
"public","tb_parametros_hvi","activo","boolean","","YES","true"
"public","tb_parametros_hvi","creado_en","timestamp without time zone","","YES","CURRENT_TIMESTAMP"
"public","tb_parametros_hvi","actualizado_en","timestamp without time zone","","YES","CURRENT_TIMESTAMP"
"public","tb_proceso","FILIAL","text","","YES",""
"public","tb_proceso","PROCESSO","text","","YES",""
"public","tb_proceso","PARTIDA","text","","YES",""
"public","tb_proceso","ARTIGO","text","","YES",""
"public","tb_proceso","COR","text","","YES",""
"public","tb_proceso","DESC_NM_MERC","text","","YES",""
"public","tb_proceso","MT_DISPONIV","text","","YES",""
"public","tb_proceso","DT_PROD","text","","YES",""
"public","tb_proceso","NUM_FIOS","text","","YES",""
"public","tb_proceso","FLANGE","text","","YES",""
"public","tb_proceso","BOBINA","text","","YES",""
"public","tb_proceso","COD_BOBINA","text","","YES",""
"public","tb_proceso","MISTURA_BOBINA","text","","YES",""
"public","tb_proceso","OBS_PROCESSO","text","","YES",""
"public","tb_proceso","OBS_BOBINA","text","","YES",""
"public","tb_proceso","PRODUCAO_ANUAL_KG","text","","YES",""
"public","tb_proceso","ITEM","text","","YES",""
"public","tb_proceso","DESC_ITEM","text","","YES",""
"public","tb_proceso","QTD_BOB","text","","YES",""
"public","tb_proceso","MT_BOB","text","","YES",""
"public","tb_proceso","KG_BOB","text","","YES",""
"public","tb_proceso","LADO","text","","YES",""
"public","tb_proceso","MAQUINA","text","","YES",""
"public","tb_proceso","STATUS","text","","YES",""
"public","tb_proceso","URDUME","text","","YES",""
"public","tb_proceso","MT_PREVISTA","text","","YES",""
"public","tb_proceso","MT_A_BATER","text","","YES",""
"public","tb_proceso","MT_PROX24H","text","","YES",""
"public","tb_proceso","BATIDAS","text","","YES",""
"public","tb_proceso","RPM","text","","YES",""
"public","tb_proceso","EFIC_TA","text","","YES",""
"public","tb_proceso","EFIC_TB","text","","YES",""
"public","tb_proceso","EFIC_TC","text","","YES",""
"public","tb_proceso","EFIC_DIA","text","","YES",""
"public","tb_proceso","ART_PROGR","text","","YES",""
"public","tb_proceso","NM_MERC_PROG","text","","YES",""
"public","tb_proceso","COR_PG","text","","YES",""
"public","tb_proceso","URDUME_PRO","text","","YES",""
"public","tb_proceso","GRUPO_TEAR","text","","YES",""
"public","tb_proceso","REPROCESSO","text","","YES",""
"public","tb_proceso","LARGURA","text","","YES",""
"public","tb_proceso","TRAMA_REDUZIDA_1","text","","YES",""
"public","tb_proceso","TRAMA_REDUZIDA_2","text","","YES",""
"public","tb_proceso","DATA FINAL TECEL","text","","YES",""
"public","tb_proceso","HORA_FINAL_TECEL","text","","YES",""
"public","tb_proceso","TURNO_FINAL_TECE","text","","YES",""
"public","tb_proceso","HORA_FINAL_TECEL_V2","text","","YES",""
"public","tb_proceso","OBS ACABAMENTO","text","","YES",""
"public","tb_proceso","COD MOT REP","text","","YES",""
"public","tb_proceso","MOTIVO REPROCESSO","text","","YES",""
"public","tb_proceso","OBS REPROCESSO","text","","YES",""
"public","tb_produccion","FILIAL","text","","YES",""
"public","tb_produccion","DT_INICIO","text","","YES",""
"public","tb_produccion","HORA_INICIO","text","","YES",""
"public","tb_produccion","DT_FINAL","text","","YES",""
"public","tb_produccion","HORA_FINAL","text","","YES",""
"public","tb_produccion","DT_BASE_PRODUCAO","text","","YES",""
"public","tb_produccion","TURNO","text","","YES",""
"public","tb_produccion","PARTIDA","text","","YES",""
"public","tb_produccion","PARTIDA_DUPLA","text","","YES",""
"public","tb_produccion","R","text","","YES",""
"public","tb_produccion","ARTIGO","text","","YES",""
"public","tb_produccion","COR","text","","YES",""
"public","tb_produccion","METRAGEM","text","","YES",""
"public","tb_produccion","METRAGEM ENCOLH","text","","YES",""
"public","tb_produccion","TEMPO","text","","YES",""
"public","tb_produccion","VELOC CALC","text","","YES",""
"public","tb_produccion","VELOC","text","","YES",""
"public","tb_produccion","EFICIENCIA","text","","YES",""
"public","tb_produccion","NUM_FIOS","text","","YES",""
"public","tb_produccion","S","text","","YES",""
"public","tb_produccion","MAQUINA","text","","YES",""
"public","tb_produccion","RUPTURAS","text","","YES",""
"public","tb_produccion","CAVALOS","text","","YES",""
"public","tb_produccion","OPERADOR","text","","YES",""
"public","tb_produccion","NM OPERADOR","text","","YES",""
"public","tb_produccion","NM MERCADO","text","","YES",""
"public","tb_produccion","LARG PAD","text","","YES",""
"public","tb_produccion","LARG INI","text","","YES",""
"public","tb_produccion","LARG FIM","text","","YES",""
"public","tb_produccion","TRAMA REDUZIDA 1","text","","YES",""
"public","tb_produccion","TRAMA REDUZIDA 2","text","","YES",""
"public","tb_produccion","RUP FIACAO","text","","YES",""
"public","tb_produccion","RUP URD","text","","YES",""
"public","tb_produccion","RUP OPER","text","","YES",""
"public","tb_produccion","LOTE FIACAO","text","","YES",""
"public","tb_produccion","MAQ  FIACAO","text","","YES",""
"public","tb_produccion","ROLADA","text","","YES",""
"public","tb_produccion","SELETOR","text","","YES",""
"public","tb_produccion","QTDE_RUPTURA","text","","YES",""
"public","tb_produccion","COD_RUP","text","","YES",""
"public","tb_produccion","MOTIVO_RUP","text","","YES",""
"public","tb_produccion","TIPO_RUP","text","","YES",""
"public","tb_produccion","DESC_TP_RUPTURA","text","","YES",""
"public","tb_produccion","COD_CAVALO","text","","YES",""
"public","tb_produccion","DESC_CAVALO","text","","YES",""
"public","tb_produccion","OBS","text","","YES",""
"public","tb_produccion","TURNO_INDIGO","text","","YES",""
"public","tb_produccion","QTDE_CAVALO","text","","YES",""
"public","tb_produccion","PONTOS_LIDOS","text","","YES",""
"public","tb_produccion","PONTOS_100%","text","","YES",""
"public","tb_produccion","BATIDAS","text","","YES",""
"public","tb_produccion","ENCOLH ACAB","text","","YES",""
"public","tb_produccion","ESTIRAGEM REVISAO","text","","YES",""
"public","tb_produccion","TEMPO LEIT MIN","text","","YES",""
"public","tb_produccion","TOTAL MINUTOS TUR","text","","YES",""
"public","tb_produccion","TOTAL MINUTOS TUR 1","text","","YES",""
"public","tb_produccion","TOTAL MINUTOS TUR 2","text","","YES",""
"public","tb_produccion","PARADA TEC TRAMA","text","","YES",""
"public","tb_produccion","PARADA TEC URDUME","text","","YES",""
"public","tb_produccion","PARADA TEC OUTROS","text","","YES",""
"public","tb_produccion","PARADA TEC STOP","text","","YES",""
"public","tb_produccion","BASE URDUME","text","","YES",""
"public","tb_produccion","RPM LEITURA","text","","YES",""
"public","tb_produccion","RPM NOMINALTEAR","text","","YES",""
"public","tb_produccion","GRUPO TEAR","text","","YES",""
"public","tb_produccion","DESC TEAR","text","","YES",""
"public","tb_produccion","MODELO TEAR","text","","YES",""
"public","tb_produccion","MAQ INDIGO","text","","YES",""
"public","tb_produccion_carda","MAQUINA","text","","YES",""
"public","tb_produccion_carda","LF","text","","YES",""
"public","tb_produccion_carda","DATA","text","","YES",""
"public","tb_produccion_carda","T","text","","YES",""
"public","tb_produccion_carda","HR_INI","text","","YES",""
"public","tb_produccion_carda","HR_FINA","text","","YES",""
"public","tb_produccion_carda","ITEM","text","","YES",""
"public","tb_produccion_carda","DESC ITEM","text","","YES",""
"public","tb_produccion_carda","TITULO","text","","YES",""
"public","tb_produccion_carda","RPM","text","","YES",""
"public","tb_produccion_carda","TEMPO TOTAL","text","","YES",""
"public","tb_produccion_carda","PROD KG/H","text","","YES",""
"public","tb_produccion_carda","PROD CALC","text","","YES",""
"public","tb_produccion_carda","PROD INFORM","text","","YES",""
"public","tb_produccion_carda","EFIC INFOR","text","","YES",""
"public","tb_produccion_carda","EFIC CALC","text","","YES",""
"public","tb_produccion_carda","OBS","text","","YES",""
"public","tb_produccion_carda","D%","text","","YES",""
"public","tb_produccion_carda","CV","text","","YES",""
"public","tb_produccion_carda","CVIn","text","","YES",""
"public","tb_produccion_carda","PG","text","","YES",""
"public","tb_produccion_carda","A%","text","","YES",""
"public","tb_produccion_carda","T (25%)","text","","YES",""
"public","tb_produccion_carda","T (20%)","text","","YES",""
"public","tb_produccion_carda","T (15%)","text","","YES",""
"public","tb_produccion_carda","T1 (25%)","text","","YES",""
"public","tb_produccion_carda","T1 (20%)","text","","YES",""
"public","tb_produccion_carda","T1 (15%)","text","","YES",""
"public","tb_produccion_carda","T2 (25%)","text","","YES",""
"public","tb_produccion_carda","T2 (20%)","text","","YES",""
"public","tb_produccion_carda","T2 (15%)","text","","YES",""
"public","tb_produccion_oe","FILIAL","text","","YES",""
"public","tb_produccion_oe","LOC. FISICO","text","","YES",""
"public","tb_produccion_oe","MAQUINA","text","","YES",""
"public","tb_produccion_oe","NOME_MAQUINA","text","","YES",""
"public","tb_produccion_oe","DATA_PRODUCAO","text","","YES",""
"public","tb_produccion_oe","TURNO","text","","YES",""
"public","tb_produccion_oe","LADO","text","","YES",""
"public","tb_produccion_oe","ITEM","text","","YES",""
"public","tb_produccion_oe","DESC ITEM","text","","YES",""
"public","tb_produccion_oe","HORA INICIAL","text","","YES",""
"public","tb_produccion_oe","HORA FINAL","text","","YES",""
"public","tb_produccion_oe","RPM","text","","YES",""
"public","tb_produccion_oe","NUM FUSOS","text","","YES",""
"public","tb_produccion_oe","ALFA","text","","YES",""
"public","tb_produccion_oe","LOTE PRODUC","text","","YES",""
"public","tb_produccion_oe","TÍTULO","text","","YES",""
"public","tb_produccion_oe","TEMPO","text","","YES",""
"public","tb_produccion_oe","TORCAO P POLEG","text","","YES",""
"public","tb_produccion_oe","TORCAO P METRO","text","","YES",""
"public","tb_produccion_oe","PROD MT/MIN","text","","YES",""
"public","tb_produccion_oe","PROD KG/HR","text","","YES",""
"public","tb_produccion_oe","PROD CALCULADA","text","","YES",""
"public","tb_produccion_oe","PROD INFORMADA","text","","YES",""
"public","tb_produccion_oe","EFIC CALCULADA","text","","YES",""
"public","tb_produccion_oe","EFIC INFORMADA","text","","YES",""
"public","tb_produccion_oe","OPERADOR","text","","YES",""
"public","tb_produccion_oe","T.BOB.","text","","YES",""
"public","tb_produccion_oe","RPM CARD","text","","YES",""
"public","tb_produccion_oe","N","text","","YES",""
"public","tb_produccion_oe","S","text","","YES",""
"public","tb_produccion_oe","L","text","","YES",""
"public","tb_produccion_oe","T","text","","YES",""
"public","tb_produccion_oe","MO","text","","YES",""
"public","tb_produccion_oe","CP V+ SL+","text","","YES",""
"public","tb_produccion_oe","CM V- SL-","text","","YES",""
"public","tb_produccion_oe","CCp C+","text","","YES",""
"public","tb_produccion_oe","CCm C-","text","","YES",""
"public","tb_produccion_oe","JP (P+)","text","","YES",""
"public","tb_produccion_oe","JM (P-)","text","","YES",""
"public","tb_produccion_oe","CVP","text","","YES",""
"public","tb_produccion_oe","CVM","text","","YES",""
"public","tb_produccion_oe","CORT NAT","text","","YES",""
"public","tb_produccion_oe","% ROB 01","text","","YES",""
"public","tb_produccion_oe","% ROB 02","text","","YES",""
"public","tb_produccion_oe","% ROB 03","text","","YES",""
"public","tb_residuos_indigo","FILIAL","text","","YES",""
"public","tb_residuos_indigo","SETOR","text","","YES",""
"public","tb_residuos_indigo","DESC_SETOR","text","","YES",""
"public","tb_residuos_indigo","DT_MOV","text","","YES",""
"public","tb_residuos_indigo","TURNO","text","","YES",""
"public","tb_residuos_indigo","SUBPRODUTO","text","","YES",""
"public","tb_residuos_indigo","DESCRICAO","text","","YES",""
"public","tb_residuos_indigo","ID","text","","YES",""
"public","tb_residuos_indigo","PESO LIQUIDO (KG)","text","","YES",""
"public","tb_residuos_indigo","LOTE","text","","YES",""
"public","tb_residuos_indigo","PARTIDA","text","","YES",""
"public","tb_residuos_indigo","ROLADA","text","","YES",""
"public","tb_residuos_indigo","MOTIVO","text","","YES",""
"public","tb_residuos_indigo","DESC_MOTIVO","text","","YES",""
"public","tb_residuos_indigo","OPERADOR","text","","YES",""
"public","tb_residuos_indigo","NOME_OPER","text","","YES",""
"public","tb_residuos_indigo","PE DE ROLO","text","","YES",""
"public","tb_residuos_indigo","INDIGO","text","","YES",""
"public","tb_residuos_indigo","URDUME","text","","YES",""
"public","tb_residuos_indigo","TURNO CORTE","text","","YES",""
"public","tb_residuos_indigo","GAIOLA","text","","YES",""
"public","tb_residuos_indigo","OBS","text","","YES",""
"public","tb_residuos_indigo","PESO ROLO 01","text","","YES",""
"public","tb_residuos_indigo","PESO ROLO 02","text","","YES",""
"public","tb_residuos_indigo","PESO ROLO 03","text","","YES",""
"public","tb_residuos_indigo","PESO ROLO 04","text","","YES",""
"public","tb_residuos_indigo","PESO ROLO 05","text","","YES",""
"public","tb_residuos_indigo","PESO ROLO 06","text","","YES",""
"public","tb_residuos_indigo","PESO ROLO 07","text","","YES",""
"public","tb_residuos_indigo","PESO ROLO 08","text","","YES",""
"public","tb_residuos_indigo","PESO ROLO 09","text","","YES",""
"public","tb_residuos_indigo","PESO ROLO 10","text","","YES",""
"public","tb_residuos_indigo","PESO ROLO 11","text","","YES",""
"public","tb_residuos_indigo","PESO ROLO 12","text","","YES",""
"public","tb_residuos_indigo","PESO ROLO 13","text","","YES",""
"public","tb_residuos_indigo","PESO ROLO 14","text","","YES",""
"public","tb_residuos_indigo","PESO ROLO 15","text","","YES",""
"public","tb_residuos_indigo","PESO ROLO 16","text","","YES",""
"public","tb_residuos_indigo","DEVOL TEC#","text","","YES",""
"public","tb_residuos_por_sector","FILIAL","text","","YES",""
"public","tb_residuos_por_sector","SETOR","text","","YES",""
"public","tb_residuos_por_sector","DESC_SETOR","text","","YES",""
"public","tb_residuos_por_sector","DT_MOV","text","","YES",""
"public","tb_residuos_por_sector","TURNO","text","","YES",""
"public","tb_residuos_por_sector","SUBPRODUTO","text","","YES",""
"public","tb_residuos_por_sector","DESCRICAO","text","","YES",""
"public","tb_residuos_por_sector","ID","text","","YES",""
"public","tb_residuos_por_sector","PESO LIQUIDO (KG)","text","","YES",""
"public","tb_residuos_por_sector","LOTE","text","","YES",""
"public","tb_residuos_por_sector","OPERADOR","text","","YES",""
"public","tb_residuos_por_sector","NOME_OPER","text","","YES",""
"public","tb_residuos_por_sector","OBS","text","","YES",""
"public","tb_schema_changes_log","id","bigint","64","NO","nextval('tb_schema_changes_log_id_seq'::regclass)"
"public","tb_schema_changes_log","table_name","text","","NO",""
"public","tb_schema_changes_log","change_type","text","","NO","'ADD_COLUMNS'::text"
"public","tb_schema_changes_log","applied_at","timestamp with time zone","","NO","now()"
"public","tb_schema_changes_log","columns_added","ARRAY","","NO","'{}'::text[]"
"public","tb_schema_changes_log","reimported","boolean","","NO","false"
"public","tb_schema_changes_log","success","boolean","","NO","true"
"public","tb_schema_changes_log","error_message","text","","YES",""
"public","tb_tensorapid_par","testnr","text","","NO",""
"public","tb_tensorapid_par","ne_titulo","numeric","","YES",""
"public","tb_tensorapid_par","titulo","text","","YES",""
"public","tb_tensorapid_par","comment_text","text","","YES",""
"public","tb_tensorapid_par","long_prueba","numeric","","YES",""
"public","tb_tensorapid_par","time_stamp","text","","YES",""
"public","tb_tensorapid_par","lote","text","","YES",""
"public","tb_tensorapid_par","ne_titulo_type","text","","YES",""
"public","tb_tensorapid_par","created_at","timestamp with time zone","","YES",""
"public","tb_tensorapid_par","updated_at","timestamp with time zone","","YES",""
"public","tb_tensorapid_par","uster_testnr","text","","YES",""
"public","tb_tensorapid_par","catalog","text","","YES",""
"public","tb_tensorapid_par","time","text","","YES",""
"public","tb_tensorapid_par","sortiment","text","","YES",""
"public","tb_tensorapid_par","article","text","","YES",""
"public","tb_tensorapid_par","maschnr","text","","YES",""
"public","tb_tensorapid_par","matclass","text","","YES",""
"public","tb_tensorapid_par","nomcount","numeric","","YES",""
"public","tb_tensorapid_par","nomtwist","text","","YES",""
"public","tb_tensorapid_par","uscode","text","","YES",""
"public","tb_tensorapid_par","laborant","text","","YES",""
"public","tb_tensorapid_par","comment","text","","YES",""
"public","tb_tensorapid_par","tuname","text","","YES",""
"public","tb_tensorapid_par","groups","text","","YES",""
"public","tb_tensorapid_par","within","text","","YES",""
"public","tb_tensorapid_par","total","text","","YES",""
"public","tb_tensorapid_par","unspoolgroups","text","","YES",""
"public","tb_tensorapid_par","length","text","","YES",""
"public","tb_tensorapid_par","extspeed","text","","YES",""
"public","tb_tensorapid_par","pretension","text","","YES",""
"public","tb_tensorapid_par","clamppressure","text","","YES",""
"public","tb_tensorapid_par","cycleforcell","text","","YES",""
"public","tb_tensorapid_par","cycleforceul","text","","YES",""
"public","tb_tensorapid_par","nmbofforcecycles","text","","YES",""
"public","tb_tensorapid_par","cyclelongll","text","","YES",""
"public","tb_tensorapid_par","cyclelongul","text","","YES",""
"public","tb_tensorapid_par","nmbofelongcycles","text","","YES",""
"public","tb_tensorapid_par","forcef1rel","text","","YES",""
"public","tb_tensorapid_par","elongatione1rel","text","","YES",""
"public","tb_tensorapid_par","evaltimerel","text","","YES",""
"public","tb_tensorapid_par","preloadcyclesrel","text","","YES",""
"public","tb_tensorapid_par","forcef1ret","text","","YES",""
"public","tb_tensorapid_par","elongatione1ret","text","","YES",""
"public","tb_tensorapid_par","evaltimeret","text","","YES",""
"public","tb_tensorapid_par","preloadcyclesret","text","","YES",""
"public","tb_tensorapid_tbl","id","integer","32","NO","nextval('tb_tensorapid_tbl_id_seq'::regclass)"
"public","tb_tensorapid_tbl","testnr","text","","YES",""
"public","tb_tensorapid_tbl","huso_number","integer","32","YES",""
"public","tb_tensorapid_tbl","tiempo_rotura","numeric","","YES",""
"public","tb_tensorapid_tbl","fuerza_b","numeric","","YES",""
"public","tb_tensorapid_tbl","elongacion","numeric","","YES",""
"public","tb_tensorapid_tbl","tenacidad","numeric","","YES",""
"public","tb_tensorapid_tbl","trabajo","numeric","","YES",""
"public","tb_tensorapid_tbl","huso_ensayos","text","","YES",""
"public","tb_tensorapid_tbl","created_at","timestamp with time zone","","YES",""
"public","tb_tensorapid_tbl","updated_at","timestamp with time zone","","YES",""
"public","tb_testes","MAQUINA","text","","YES",""
"public","tb_testes","ARTIGO","text","","YES",""
"public","tb_testes","NM_MERC","text","","YES",""
"public","tb_testes","PARTIDA","text","","YES",""
"public","tb_testes","METRAGEM","text","","YES",""
"public","tb_testes","DT_PROD","text","","YES",""
"public","tb_testes","HORA_PROD","text","","YES",""
"public","tb_testes","TURNO","text","","YES",""
"public","tb_testes","LARG_AL","text","","YES",""
"public","tb_testes","GRAMAT","text","","YES",""
"public","tb_testes","POTEN","text","","YES",""
"public","tb_testes","%_ENC_URD","text","","YES",""
"public","tb_testes","%_ENC_TRAMA","text","","YES",""
"public","tb_testes","%_SK1","text","","YES",""
"public","tb_testes","%_SK2","text","","YES",""
"public","tb_testes","%_SK3","text","","YES",""
"public","tb_testes","%_SK4","text","","YES",""
"public","tb_testes","%_SKE","text","","YES",""
"public","tb_testes","%_STT","text","","YES",""
"public","tb_testes","%_SKM","text","","YES",""
"public","tb_testes","APROV","text","","YES",""
"public","tb_testes","COD_ART","text","","YES",""
"public","tb_testes","COR_ART","text","","YES",""
"public","tb_testes","OBS","text","","YES",""
"public","tb_testes","REPROCESSO","text","","YES",""
"public","tb_testes","SEQ TESTE","text","","YES",""
"public","tb_uster_carda_par","testnr","text","","NO",""
"public","tb_uster_carda_par","source_prefix","text","","YES",""
"public","tb_uster_carda_par","catalog","text","","YES",""
"public","tb_uster_carda_par","sortiment","text","","YES",""
"public","tb_uster_carda_par","style","text","","YES",""
"public","tb_uster_carda_par","machine_family","text","","YES",""
"public","tb_uster_carda_par","nomcount","numeric","","YES",""
"public","tb_uster_carda_par","maschnr","text","","YES",""
"public","tb_uster_carda_par","lote","text","","YES",""
"public","tb_uster_carda_par","laborant","text","","YES",""
"public","tb_uster_carda_par","time_stamp","text","","YES",""
"public","tb_uster_carda_par","matclass","text","","YES",""
"public","tb_uster_carda_par","obs","text","","YES",""
"public","tb_uster_carda_par","created_at","timestamp with time zone","","NO","now()"
"public","tb_uster_carda_par","updated_at","timestamp with time zone","","NO","now()"
"public","tb_uster_carda_tbl","id","bigint","64","NO","nextval('tb_uster_carda_tbl_id_seq'::regclass)"
"public","tb_uster_carda_tbl","testnr","text","","NO",""
"public","tb_uster_carda_tbl","seqno","integer","32","NO",""
"public","tb_uster_carda_tbl","no_","numeric","","YES",""
"public","tb_uster_carda_tbl","u_percent","numeric","","YES",""
"public","tb_uster_carda_tbl","cvm_percent","numeric","","YES",""
"public","tb_uster_carda_tbl","cvm_1m_percent","numeric","","YES",""
"public","tb_uster_carda_tbl","cvm_3m_percent","numeric","","YES",""
"public","tb_uster_carda_tbl","cvm_10m_percent","numeric","","YES",""
"public","tb_uster_carda_tbl","titulo_machine","numeric","","YES",""
"public","tb_uster_carda_tbl","titulo_rel_perc","numeric","","YES",""
"public","tb_uster_carda_tbl","created_at","timestamp with time zone","","NO","now()"
"public","tb_uster_carda_titulo_tbl","id","bigint","64","NO","nextval('tb_uster_carda_titulo_tbl_id_seq'::regclass)"
"public","tb_uster_carda_titulo_tbl","testnr","text","","NO",""
"public","tb_uster_carda_titulo_tbl","repno","smallint","16","NO",""
"public","tb_uster_carda_titulo_tbl","titulo","numeric","","NO",""
"public","tb_uster_carda_titulo_tbl","created_at","timestamp with time zone","","NO","now()"
"public","tb_uster_par","testnr","text","","NO",""
"public","tb_uster_par","nomcount","text","","YES",""
"public","tb_uster_par","maschnr","text","","YES",""
"public","tb_uster_par","lote","text","","YES",""
"public","tb_uster_par","laborant","text","","YES",""
"public","tb_uster_par","time_stamp","text","","YES",""
"public","tb_uster_par","matclass","text","","YES",""
"public","tb_uster_par","estiraje","text","","YES",""
"public","tb_uster_par","pasador","text","","YES",""
"public","tb_uster_par","obs","text","","YES",""
"public","tb_uster_par","created_at","timestamp with time zone","","YES","now()"
"public","tb_uster_par","updated_at","timestamp with time zone","","YES","now()"
"public","tb_uster_tbl","id","bigint","64","NO","nextval('tb_uster_tbl_id_seq'::regclass)"
"public","tb_uster_tbl","testnr","text","","NO",""
"public","tb_uster_tbl","seqno","integer","32","YES",""
"public","tb_uster_tbl","no_","text","","YES",""
"public","tb_uster_tbl","u_percent","numeric","","YES",""
"public","tb_uster_tbl","cvm_percent","numeric","","YES",""
"public","tb_uster_tbl","indice_percent","numeric","","YES",""
"public","tb_uster_tbl","cvm_1m_percent","numeric","","YES",""
"public","tb_uster_tbl","cvm_3m_percent","numeric","","YES",""
"public","tb_uster_tbl","cvm_10m_percent","numeric","","YES",""
"public","tb_uster_tbl","titulo","numeric","","YES",""
"public","tb_uster_tbl","titulo_rel_perc","numeric","","YES",""
"public","tb_uster_tbl","h","numeric","","YES",""
"public","tb_uster_tbl","sh","numeric","","YES",""
"public","tb_uster_tbl","sh_1m","numeric","","YES",""
"public","tb_uster_tbl","sh_3m","numeric","","YES",""
"public","tb_uster_tbl","sh_10m","numeric","","YES",""
"public","tb_uster_tbl","delg_minus30_km","numeric","","YES",""
"public","tb_uster_tbl","delg_minus40_km","numeric","","YES",""
"public","tb_uster_tbl","delg_minus50_km","numeric","","YES",""
"public","tb_uster_tbl","delg_minus60_km","numeric","","YES",""
"public","tb_uster_tbl","grue_35_km","numeric","","YES",""
"public","tb_uster_tbl","grue_50_km","numeric","","YES",""
"public","tb_uster_tbl","grue_70_km","numeric","","YES",""
"public","tb_uster_tbl","grue_100_km","numeric","","YES",""
"public","tb_uster_tbl","neps_140_km","numeric","","YES",""
"public","tb_uster_tbl","neps_200_km","numeric","","YES",""
"public","tb_uster_tbl","neps_280_km","numeric","","YES",""
"public","tb_uster_tbl","neps_400_km","numeric","","YES",""
"public","tb_uster_tbl","created_at","timestamp with time zone","","YES","now()"