Dia;Indigo;Meta_Eficiencia_INDIGO;Meta_Rotura_INDIGO;Meta_Estopa_Azul;Tejeduria;RU105;RT105;EFI%;Meta_Estopa_Azul_TEJ;Integrada;Meta_Velocidad_Integrada;Meta_ENC_URD_Integrada;Revision;Dia_Invertido
1/1/2024;0;0;0;0;0;0;0;0;0;0;0;0;0;31
2/1/2024;0;0;0;0;0;0;0;0;0;0;0;0;0;30
3/1/2024;0;0;0;0;0;0;0;0;0;0;0;0;0;29
4/1/2024;0;0;0;0;0;0;0;0;0;0;0;0;0;28
5/1/2024;0;0;0;0;0;0;0;0;0;0;0;0;0;27
6/1/2024;0;0;0;0;0;0;0;0;0;0;0;0;0;26
7/1/2024;0;0;0;0;0;0;0;0;0;0;0;0;0;25
8/1/2024;47.909;88;1;1,8;38.333;1,6;2;88;0,3;0;40;-1,5;0;24
9/1/2024;47.917;88;1;1,8;38.333;1,6;2;88;0,3;0;40;-1,5;0;23
10/1/2024;47.917;88;1;1,8;38.333;1,6;2;88;0,3;0;40;-1,5;0;22
11/1/2024;47.917;88;1;1,8;38.333;1,6;2;88;0,3;0;40;-1,5;0;21
12/1/2024;47.917;88;1;1,8;38.333;1,6;2;88;0,3;0;40;-1,5;0;20
13/1/2024;47.917;88;1;1,8;38.333;1,6;2;88;0,3;0;40;-1,5;0;19
14/1/2024;47.917;88;1;1,8;38.333;1,6;2;88;0,3;51.113;40;-1,5;0;18
15/1/2024;47.917;88;1;1,8;38.333;1,6;2;88;0,3;51.111;40;-1,5;57.500;17
16/1/2024;47.917;88;1;1,8;38.333;1,6;2;88;0,3;51.111;40;-1,5;57.500;16
17/1/2024;47.917;88;1;1,8;38.333;1,6;2;88;0,3;51.111;40;-1,5;57.500;15
18/1/2024;47.917;88;1;1,8;38.333;1,6;2;88;0,3;51.111;40;-1,5;57.500;14
19/1/2024;47.917;88;1;1,8;38.333;1,6;2;88;0,3;51.111;40;-1,5;57.500;13
20/1/2024;47.917;88;1;1,8;38.333;1,6;2;88;0,3;51.111;40;-1,5;57.500;12
21/1/2024;47.917;88;1;1,8;38.333;1,6;2;88;0,3;51.111;40;-1,5;0;11
22/1/2024;47.917;88;1;1,8;38.333;1,6;2;88;0,3;51.111;40;-1,5;57.500;10
23/1/2024;47.917;88;1;1,8;38.333;1,6;2;88;0,3;51.111;40;-1,5;57.500;9
24/1/2024;47.917;88;1;1,8;38.333;1,6;2;88;0,3;51.111;40;-1,5;57.500;8
25/1/2024;47.917;88;1;1,8;38.333;1,6;2;88;0,3;51.111;40;-1,5;57.500;7
26/1/2024;47.917;88;1;1,8;38.333;1,6;2;88;0,3;51.111;40;-1,5;57.500;6
27/1/2024;47.917;88;1;1,8;38.333;1,6;2;88;0,3;51.111;40;-1,5;57.500;5
28/1/2024;47.917;88;1;1,8;38.333;1,6;2;88;0,3;51.111;40;-1,5;57.500;4
29/1/2024;47.917;88;1;1,8;38.333;1,6;2;88;0,3;51.111;40;-1,5;57.500;3
30/1/2024;47.917;88;1;1,8;38.333;1,6;2;88;0,3;51.111;40;-1,5;57.500;2
31/1/2024;47.917;88;1;1,8;38.341;1,6;2;88;0,3;51.111;40;-1,5;57.500;1
1/2/2024;45.248;88;1;1,8;36.207;1,6;2;88;0,3;42.068;40;-1,5;0;29
2/2/2024;45.259;88;1;1,8;36.207;1,6;2;88;0,3;42.069;40;-1,5;49.691;28
3/2/2024;45.259;88;1;1,8;36.207;1,6;2;88;0,3;42.069;40;-1,5;50.883;27
4/2/2024;45.259;88;1;1,8;36.207;1,6;2;88;0,3;42.069;40;-1,5;0;26
5/2/2024;45.259;88;1;1,8;36.207;1,6;2;88;0,3;42.069;40;-1,5;50.883;25
6/2/2024;45.259;88;1;1,8;36.207;1,6;2;88;0,3;42.069;40;-1,5;50.883;24
7/2/2024;45.259;88;1;1,8;36.207;1,6;2;88;0,3;42.069;40;-1,5;50.883;23
8/2/2024;45.259;88;1;1,8;36.207;1,6;2;88;0,3;42.069;40;-1,5;50.883;22
9/2/2024;45.259;88;1;1,8;36.207;1,6;2;88;0,3;42.069;40;-1,5;50.883;21
10/2/2024;45.259;88;1;1,8;36.207;1,6;2;88;0,3;42.069;40;-1,5;50.883;20
11/2/2024;45.259;88;1;1,8;36.207;1,6;2;88;0,3;42.069;40;-1,5;0;19
12/2/2024;45.259;88;1;1,8;36.207;1,6;2;88;0,3;42.069;40;-1,5;50.883;18
13/2/2024;45.259;88;1;1,8;36.207;1,6;2;88;0,3;42.069;40;-1,5;50.883;17
14/2/2024;45.259;88;1;1,8;36.207;1,6;2;88;0,3;42.069;40;-1,5;50.883;16
15/2/2024;45.259;88;1;1,8;36.207;1,6;2;88;0,3;42.069;40;-1,5;50.883;15
16/2/2024;45.259;88;1;1,8;36.207;1,6;2;88;0,3;42.069;40;-1,5;50.883;14
17/2/2024;45.259;88;1;1,8;36.207;1,6;2;88;0,3;42.069;40;-1,5;50.883;13
18/2/2024;45.259;88;1;1,8;36.207;1,6;2;88;0,3;42.069;40;-1,5;0;12
19/2/2024;45.259;88;1;1,8;36.207;1,6;2;88;0,3;42.069;40;-1,5;50.883;11
20/2/2024;45.259;88;1;1,8;36.207;1,6;2;88;0,3;42.069;40;-1,5;50.883;10
21/2/2024;45.259;88;1;1,8;36.207;1,6;2;88;0,3;42.069;40;-1,5;50.883;9
22/2/2024;45.259;88;1;1,8;36.207;1,6;2;88;0,3;42.069;40;-1,5;50.883;8
23/2/2024;45.259;88;1;1,8;36.207;1,6;2;88;0,3;42.069;40;-1,5;50.883;7
24/2/2024;45.259;88;1;1,8;36.207;1,6;2;88;0,3;42.069;40;-1,5;50.883;6
25/2/2024;45.259;88;1;1,8;36.207;1,6;2;88;0,3;42.069;40;-1,5;0;5
26/2/2024;45.259;88;1;1,8;36.207;1,6;2;88;0,3;42.069;40;-1,5;50.883;4
27/2/2024;45.259;88;1;1,8;36.207;1,6;2;88;0,3;42.069;40;-1,5;50.883;3
28/2/2024;45.259;88;1;1,8;36.207;1,6;2;88;0,3;42.069;40;-1,5;50.883;2
29/2/2024;45.259;88;1;1,8;36.204;1,6;2;88;0,3;42.069;40;-1,5;50.883;1
1/3/2024;45.417;88;1;1,8;36.333;1,6;2;88;0,3;36.333;40;-1,5;0;31
2/3/2024;45.417;88;1;1,8;36.333;1,6;2;88;0,3;36.333;40;-1,5;0;30
3/3/2024;45.417;88;1;1,8;36.333;1,6;2;88;0,3;36.333;40;-1,5;0;29
4/3/2024;45.417;88;1;1,8;36.333;1,6;2;88;0,3;36.333;40;-1,5;45.409;28
5/3/2024;45.417;88;1;1,8;36.333;1,6;2;88;0,3;36.333;40;-1,5;45.417;27
6/3/2024;45.417;88;1;1,8;36.333;1,6;2;88;0,3;36.333;40;-1,5;45.417;26
7/3/2024;45.417;88;1;1,8;36.333;1,6;2;88;0,3;36.333;40;-1,5;45.417;25
8/3/2024;45.417;88;1;1,8;36.333;1,6;2;88;0,3;36.333;40;-1,5;45.417;24
9/3/2024;45.417;88;1;1,8;36.333;1,6;2;88;0,3;36.333;40;-1,5;45.417;23
10/3/2024;45.417;88;1;1,8;36.333;1,6;2;88;0,3;36.333;40;-1,5;0;22
11/3/2024;45.417;88;1;1,8;36.333;1,6;2;88;0,3;36.333;40;-1,5;45.417;21
12/3/2024;45.417;88;1;1,8;36.333;1,6;2;88;0,3;36.333;40;-1,5;45.417;20
13/3/2024;45.417;88;1;1,8;36.333;1,6;2;88;0,3;36.333;40;-1,5;45.417;19
14/3/2024;45.417;88;1;1,8;36.333;1,6;2;88;0,3;36.333;40;-1,5;45.417;18
15/3/2024;45.417;88;1;1,8;36.333;1,6;2;88;0,3;36.333;40;-1,5;45.417;17
16/3/2024;45.417;88;1;1,8;36.333;1,6;2;88;0,3;36.333;40;-1,5;45.417;16
17/3/2024;45.417;88;1;1,8;36.333;1,6;2;88;0,3;36.333;40;-1,5;0;15
18/3/2024;45.417;88;1;1,8;36.333;1,6;2;88;0,3;36.333;40;-1,5;45.417;14
19/3/2024;45.417;88;1;1,8;36.333;1,6;2;88;0,3;36.333;40;-1,5;45.417;13
20/3/2024;45.417;88;1;1,8;36.333;1,6;2;88;0,3;36.333;40;-1,5;45.417;12
21/3/2024;45.417;88;1;1,8;36.333;1,6;2;88;0,3;36.333;40;-1,5;45.417;11
22/3/2024;45.417;88;1;1,8;36.333;1,6;2;88;0,3;36.333;40;-1,5;45.417;10
23/3/2024;45.417;88;1;1,8;36.333;1,6;2;88;0,3;36.333;40;-1,5;45.417;9
24/3/2024;45.417;88;1;1,8;36.333;1,6;2;88;0,3;36.333;40;-1,5;0;8
25/3/2024;45.417;88;1;1,8;36.333;1,6;2;88;0,3;36.333;40;-1,5;45.417;7
26/3/2024;45.417;88;1;1,8;36.333;1,6;2;88;0,3;36.333;40;-1,5;45.417;6
27/3/2024;45.417;88;1;1,8;36.333;1,6;2;88;0,3;36.333;40;-1,5;45.417;5
28/3/2024;45.417;88;1;1,8;36.333;1,6;2;88;0,3;36.333;40;-1,5;45.417;4
29/3/2024;0;0;0;0;0;0;0;0;0;0;0;0;0;3
30/3/2024;45.407;88;1;1,8;36.333;1,6;2;88;0,3;36.333;40;-1,5;45.417;2
31/3/2024;45.417;88;1;1,8;36.343;1,6;2;88;0,3;36.343;40;-1,5;45.417;1
1/4/2024;45.833;88;1;1,8;36.657;1,6;2;88;0,3;12.194;40;-1,5;0;30
2/4/2024;45.833;88;1;1,8;36.667;1,6;2;88;0,3;25.881;40;-1,5;44.000;29
3/4/2024;45.833;88;1;1,8;36.667;1,6;2;88;0,3;25.881;40;-1,5;44.000;28
4/4/2024;45.833;88;1;1,8;36.667;1,6;2;88;0,3;38.372;40;-1,5;44.000;27
5/4/2024;45.833;88;1;1,8;36.667;1,6;2;88;0,3;38.372;40;-1,5;44.000;26
6/4/2024;45.833;88;1;1,8;36.667;1,6;2;88;0,3;38.372;40;-1,5;44.000;25
7/4/2024;45.833;88;1;1,8;36.667;1,6;2;88;0,3;38.372;40;-1,5;0;24
8/4/2024;45.833;88;1;1,8;36.667;1,6;2;88;0,3;38.372;40;-1,5;44.000;23
9/4/2024;45.833;88;1;1,8;36.667;1,6;2;88;0,3;38.372;40;-1,5;44.000;22
10/4/2024;45.833;88;1;1,8;36.667;1,6;2;88;0,3;38.372;40;-1,5;44.000;21
11/4/2024;45.833;88;1;1,8;36.667;1,6;2;88;0,3;38.372;40;-1,5;44.000;20
12/4/2024;45.833;88;1;1,8;36.667;1,6;2;88;0,3;38.372;40;-1,5;44.000;19
13/4/2024;45.833;88;1;1,8;36.667;1,6;2;88;0,3;38.372;40;-1,5;44.000;18
14/4/2024;45.833;88;1;1,8;36.667;1,6;2;88;0,3;38.372;40;-1,5;0;17
15/4/2024;45.833;88;1;1,8;36.667;1,6;2;88;0,3;38.372;40;-1,5;44.000;16
16/4/2024;45.833;88;1;1,8;36.667;1,6;2;88;0,3;38.372;40;-1,5;44.000;15
17/4/2024;45.833;88;1;1,8;36.667;1,6;2;88;0,3;38.372;40;-1,5;44.000;14
18/4/2024;45.833;88;1;1,8;36.667;1,6;2;88;0,3;38.372;40;-1,5;44.000;13
19/4/2024;45.833;88;1;1,8;36.667;1,6;2;88;0,3;38.372;40;-1,5;44.000;12
20/4/2024;45.833;88;1;1,8;36.667;1,6;2;88;0,3;38.372;40;-1,5;44.000;11
21/4/2024;45.833;88;1;1,8;36.667;1,6;2;88;0,3;38.372;40;-1,5;0;10
22/4/2024;45.833;88;1;1,8;36.667;1,6;2;88;0,3;38.372;40;-1,5;44.000;9
23/4/2024;45.833;88;1;1,8;36.667;1,6;2;88;0,3;38.372;40;-1,5;44.000;8
24/4/2024;45.833;88;1;1,8;36.667;1,6;2;88;0,3;38.372;40;-1,5;44.000;7
25/4/2024;45.833;88;1;1,8;36.667;1,6;2;88;0,3;38.372;40;-1,5;44.000;6
26/4/2024;45.833;88;1;1,8;36.667;1,6;2;88;0,3;38.372;40;-1,5;44.000;5
27/4/2024;45.833;88;1;1,8;36.667;1,6;2;88;0,3;38.372;40;-1,5;44.000;4
28/4/2024;45.833;88;1;1,8;36.667;1,6;2;88;0,3;38.372;40;-1,5;0;3
29/4/2024;45.833;88;1;1,8;36.667;1,6;2;88;0,3;38.372;40;-1,5;44.000;2
30/4/2024;45.843;88;1;1,8;36.667;1,6;2;88;0,3;38.372;40;-1,5;44.000;1
1/5/2024;0;0;0;0;0;0;0;0;0;0;0;0;0;31
2/5/2024;45.883;88;1;1,8;36.667;1,6;2;88;0,3;24.709;40;-1,5;0;30
3/5/2024;45.883;88;1;1,8;36.667;1,6;2;88;0,3;37.079;40;-1,5;44.000;29
4/5/2024;45.883;88;1;1,8;36.667;1,6;2;88;0,3;37.079;40;-1,5;44.000;28
5/5/2024;45.883;88;1;1,8;36.667;1,6;2;88;0,3;37.079;40;-1,5;0;27
6/5/2024;45.883;88;1;1,8;36.667;1,6;2;88;0,3;37.079;40;-1,5;44.000;26
7/5/2024;45.883;88;1;1,8;36.667;1,6;2;88;0,3;37.079;40;-1,5;44.000;25
8/5/2024;45.883;88;1;1,8;36.667;1,6;2;88;0,3;37.079;40;-1,5;44.000;24
9/5/2024;45.883;88;1;1,8;36.667;1,6;2;88;0,3;37.079;40;-1,5;44.000;23
10/5/2024;45.883;88;1;1,8;36.667;1,6;2;88;0,3;37.079;40;-1,5;44.000;22
11/5/2024;45.883;88;1;1,8;36.667;1,6;2;88;0,3;37.079;40;-1,5;44.000;21
12/5/2024;45.883;88;1;1,8;36.667;1,6;2;88;0,3;37.079;40;-1,5;0;20
13/5/2024;45.883;88;1;1,8;36.667;1,6;2;88;0,3;37.079;40;-1,5;44.000;19
14/5/2024;45.883;88;1;1,8;36.667;1,6;2;88;0,3;37.079;40;-1,5;44.000;18
15/5/2024;45.883;88;1;1,8;36.667;1,6;2;88;0,3;37.079;40;-1,5;44.000;17
16/5/2024;45.883;88;1;1,8;36.667;1,6;2;88;0,3;37.079;40;-1,5;44.000;16
17/5/2024;45.883;88;1;1,8;36.667;1,6;2;88;0,3;37.079;40;-1,5;44.000;15
18/5/2024;45.883;88;1;1,8;36.667;1,6;2;88;0,3;37.079;40;-1,5;44.000;14
19/5/2024;45.883;88;1;1,8;36.667;1,6;2;88;0,3;37.079;40;-1,5;0;13
20/5/2024;45.883;88;1;1,8;36.667;1,6;2;88;0,3;37.079;40;-1,5;44.000;12
21/5/2024;45.883;88;1;1,8;36.667;1,6;2;88;0,3;37.079;40;-1,5;44.000;11
22/5/2024;45.883;88;1;1,8;36.667;1,6;2;88;0,3;37.079;40;-1,5;44.000;10
23/5/2024;45.883;88;1;1,8;36.667;1,6;2;88;0,3;37.079;40;-1,5;44.000;9
24/5/2024;45.883;88;1;1,8;36.667;1,6;2;88;0,3;37.079;40;-1,5;44.000;8
25/5/2024;45.883;88;1;1,8;36.667;1,6;2;88;0,3;37.079;40;-1,5;44.000;7
26/5/2024;45.883;88;1;1,8;36.667;1,6;2;88;0,3;37.079;40;-1,5;0;6
27/5/2024;45.883;88;1;1,8;36.667;1,6;2;88;0,3;37.079;40;-1,5;44.000;5
28/5/2024;45.883;88;1;1,8;36.667;1,6;2;88;0,3;37.079;40;-1,5;44.000;4
29/5/2024;45.883;88;1;1,8;36.667;1,6;2;88;0,3;37.079;40;-1,5;44.000;3
30/5/2024;45.883;88;1;1,8;36.667;1,6;2;88;0,3;37.079;40;-1,5;44.000;2
31/5/2024;44.393;88;1;1,8;36.657;1,6;2;88;0,3;37.079;40;-1,5;44.000;1
1/6/2024;45.883;88;1;1,8;36.667;1,6;2;88;0,3;37.500;40;-1,5;0;30
2/6/2024;45.883;88;1;1,8;36.667;1,6;2;88;0,3;25.000;40;-1,5;0;29
3/6/2024;45.883;88;1;1,8;36.667;1,6;2;88;0,3;25.000;40;-1,5;44.000;28
4/6/2024;45.883;88;1;1,8;36.667;1,6;2;88;0,3;37.500;40;-1,5;44.000;27
5/6/2024;45.883;88;1;1,8;36.667;1,6;2;88;0,3;37.500;40;-1,5;44.000;26
6/6/2024;45.883;88;1;1,8;36.667;1,6;2;88;0,3;37.500;40;-1,5;44.000;25
7/6/2024;45.883;88;1;1,8;36.667;1,6;2;88;0,3;37.500;40;-1,5;44.000;24
8/6/2024;45.883;88;1;1,8;36.667;1,6;2;88;0,3;37.500;40;-1,5;44.000;23
9/6/2024;45.883;88;1;1,8;36.667;1,6;2;88;0,3;37.500;40;-1,5;0;22
10/6/2024;45.883;88;1;1,8;36.667;1,6;2;88;0,3;37.500;40;-1,5;44.000;21
11/6/2024;45.883;88;1;1,8;36.667;1,6;2;88;0,3;37.500;40;-1,5;44.000;20
12/6/2024;45.883;88;1;1,8;36.667;1,6;2;88;0,3;37.500;40;-1,5;44.000;19
13/6/2024;45.883;88;1;1,8;36.667;1,6;2;88;0,3;37.500;40;-1,5;44.000;18
14/6/2024;45.883;88;1;1,8;36.667;1,6;2;88;0,3;37.500;40;-1,5;44.000;17
15/6/2024;45.883;88;1;1,8;36.667;1,6;2;88;0,3;37.500;40;-1,5;44.000;16
16/6/2024;45.883;88;1;1,8;36.667;1,6;2;88;0,3;37.500;40;-1,5;0;15
17/6/2024;45.883;88;1;1,8;36.667;1,6;2;88;0,3;37.500;40;-1,5;44.000;14
18/6/2024;45.883;88;1;1,8;36.667;1,6;2;88;0,3;37.500;40;-1,5;44.000;13
19/6/2024;45.883;88;1;1,8;36.667;1,6;2;88;0,3;37.500;40;-1,5;44.000;12
20/6/2024;45.883;88;1;1,8;36.667;1,6;2;88;0,3;37.500;40;-1,5;44.000;11
21/6/2024;45.883;88;1;1,8;36.667;1,6;2;88;0,3;37.500;40;-1,5;44.000;10
22/6/2024;45.883;88;1;1,8;36.667;1,6;2;88;0,3;37.500;40;-1,5;44.000;9
23/6/2024;45.883;88;1;1,8;36.667;1,6;2;88;0,3;37.500;40;-1,5;0;8
24/6/2024;45.883;88;1;1,8;36.667;1,6;2;88;0,3;37.500;40;-1,5;44.000;7
25/6/2024;45.883;88;1;1,8;36.667;1,6;2;88;0,3;37.500;40;-1,5;44.000;6
26/6/2024;45.883;88;1;1,8;36.667;1,6;2;88;0,3;37.500;40;-1,5;44.000;5
27/6/2024;45.883;88;1;1,8;36.667;1,6;2;88;0,3;37.500;40;-1,5;44.000;4
28/6/2024;45.883;88;1;1,8;36.667;1,6;2;88;0,3;37.500;40;-1,5;44.000;3
29/6/2024;45.883;88;1;1,8;36.667;1,6;2;88;0,3;37.500;40;-1,5;44.000;2
30/6/2024;45.893;88;1;1,8;36.657;1,6;2;88;0,3;37.500;40;-1,5;44.000;1
1/7/2024;46.371;88;1;1,8;37.097;1,6;2;88;0,3;12.637;40;-1,5;0;31
2/7/2024;46.371;88;1;1,8;37.097;1,6;2;88;0,3;37.912;40;-1,5;44.225;30
3/7/2024;46.371;88;1;1,8;37.097;1,6;2;88;0,3;37.912;40;-1,5;44.231;29
4/7/2024;46.371;88;1;1,8;37.097;1,6;2;88;0,3;37.912;40;-1,5;44.231;28
5/7/2024;46.371;88;1;1,8;37.097;1,6;2;88;0,3;37.912;40;-1,5;44.231;27
6/7/2024;46.371;88;1;1,8;37.097;1,6;2;88;0,3;37.912;40;-1,5;44.231;26
7/7/2024;46.371;88;1;1,8;37.097;1,6;2;88;0,3;37.912;40;-1,5;0;25
8/7/2024;46.371;88;1;1,8;37.097;1,6;2;88;0,3;37.912;40;-1,5;44.231;24
9/7/2024;46.371;88;1;1,8;37.097;1,6;2;88;0,3;37.912;40;-1,5;44.231;23
10/7/2024;46.371;88;1;1,8;37.097;1,6;2;88;0,3;37.912;40;-1,5;44.231;22
11/7/2024;46.371;88;1;1,8;37.097;1,6;2;88;0,3;37.912;40;-1,5;44.231;21
12/7/2024;46.371;88;1;1,8;37.097;1,6;2;88;0,3;37.912;40;-1,5;44.231;20
13/7/2024;46.371;88;1;1,8;37.097;1,6;2;88;0,3;37.912;40;-1,5;44.231;19
14/7/2024;46.371;88;1;1,8;37.097;1,6;2;88;0,3;37.912;40;-1,5;0;18
15/7/2024;46.371;88;1;1,8;37.097;1,6;2;88;0,3;37.912;40;-1,5;44.231;17
16/7/2024;46.371;88;1;1,8;37.097;1,6;2;88;0,3;37.912;40;-1,5;44.231;16
17/7/2024;46.371;88;1;1,8;37.097;1,6;2;88;0,3;37.912;40;-1,5;44.231;15
18/7/2024;46.371;88;1;1,8;37.097;1,6;2;88;0,3;37.912;40;-1,5;44.231;14
19/7/2024;46.371;88;1;1,8;37.097;1,6;2;88;0,3;37.912;40;-1,5;44.231;13
20/7/2024;46.371;88;1;1,8;37.097;1,6;2;88;0,3;37.912;40;-1,5;44.231;12
21/7/2024;46.371;88;1;1,8;37.097;1,6;2;88;0,3;37.912;40;-1,5;0;11
22/7/2024;46.371;88;1;1,8;37.097;1,6;2;88;0,3;37.912;40;-1,5;44.231;10
23/7/2024;46.371;88;1;1,8;37.097;1,6;2;88;0,3;37.912;40;-1,5;44.231;9
24/7/2024;46.371;88;1;1,8;37.097;1,6;2;88;0,3;37.912;40;-1,5;44.231;8
25/7/2024;46.371;88;1;1,8;37.097;1,6;2;88;0,3;37.912;40;-1,5;44.231;7
26/7/2024;46.371;88;1;1,8;37.097;1,6;2;88;0,3;37.912;40;-1,5;44.231;6
27/7/2024;46.371;88;1;1,8;37.097;1,6;2;88;0,3;37.912;40;-1,5;44.231;5
28/7/2024;46.371;88;1;1,8;37.097;1,6;2;88;0,3;37.912;40;-1,5;0;4
29/7/2024;46.371;88;1;1,8;37.097;1,6;2;88;0,3;37.912;40;-1,5;44.231;3
30/7/2024;46.371;88;1;1,8;37.097;1,6;2;88;0,3;37.912;40;-1,5;44.231;2
31/7/2024;46.370;88;1;1,8;37.090;1,6;2;88;0,3;37.915;40;-1,5;44.231;1
1/8/2024;46.371;88;1;1,8;37.097;1,6;2;88;0,3;12.640;40;-1,5;0;31
2/8/2024;46.371;88;1;1,8;37.097;1,6;2;88;0,3;37.912;40;-1,5;44.225;30
3/8/2024;46.371;88;1;1,8;37.097;1,6;2;88;0,3;37.912;40;-1,5;44.231;29
4/8/2024;46.371;88;1;1,8;37.097;1,6;2;88;0,3;37.912;40;-1,5;0;28
5/8/2024;46.371;88;1;1,8;37.097;1,6;2;88;0,3;37.912;40;-1,5;44.231;27
6/8/2024;46.371;88;1;1,8;37.097;1,6;2;88;0,3;37.912;40;-1,5;44.231;26
7/8/2024;46.371;88;1;1,8;37.097;1,6;2;88;0,3;37.912;40;-1,5;44.231;25
8/8/2024;46.371;88;1;1,8;37.097;1,6;2;88;0,3;37.912;40;-1,5;44.231;24
9/8/2024;46.371;88;1;1,8;37.097;1,6;2;88;0,3;37.912;40;-1,5;44.231;23
10/8/2024;46.371;88;1;1,8;37.097;1,6;2;88;0,3;37.912;40;-1,5;44.231;22
11/8/2024;46.371;88;1;1,8;37.097;1,6;2;88;0,3;37.912;40;-1,5;0;21
12/8/2024;46.371;88;1;1,8;37.097;1,6;2;88;0,3;37.912;40;-1,5;44.231;20
13/8/2024;46.371;88;1;1,8;37.097;1,6;2;88;0,3;37.912;40;-1,5;44.231;19
14/8/2024;46.371;88;1;1,8;37.097;1,6;2;88;0,3;37.912;40;-1,5;44.231;18
15/8/2024;46.371;88;1;1,8;37.097;1,6;2;88;0,3;37.912;40;-1,5;44.231;17
16/8/2024;46.371;88;1;1,8;37.097;1,6;2;88;0,3;37.912;40;-1,5;44.231;16
17/8/2024;46.371;88;1;1,8;37.097;1,6;2;88;0,3;37.912;40;-1,5;44.231;15
18/8/2024;46.371;88;1;1,8;37.097;1,6;2;88;0,3;37.912;40;-1,5;0;14
19/8/2024;46.371;88;1;1,8;37.097;1,6;2;88;0,3;37.912;40;-1,5;44.231;13
20/8/2024;46.371;88;1;1,8;37.097;1,6;2;88;0,3;37.912;40;-1,5;44.231;12
21/8/2024;46.371;88;1;1,8;37.097;1,6;2;88;0,3;37.912;40;-1,5;44.231;11
22/8/2024;46.371;88;1;1,8;37.097;1,6;2;88;0,3;37.912;40;-1,5;44.231;10
23/8/2024;46.371;88;1;1,8;37.097;1,6;2;88;0,3;37.912;40;-1,5;44.231;9
24/8/2024;46.371;88;1;1,8;37.097;1,6;2;88;0,3;37.912;40;-1,5;44.231;8
25/8/2024;46.371;88;1;1,8;37.097;1,6;2;88;0,3;37.912;40;-1,5;0;7
26/8/2024;46.371;88;1;1,8;37.097;1,6;2;88;0,3;37.912;40;-1,5;44.231;6
27/8/2024;46.371;88;1;1,8;37.097;1,6;2;88;0,3;37.912;40;-1,5;44.231;5
28/8/2024;46.371;88;1;1,8;37.097;1,6;2;88;0,3;37.912;40;-1,5;44.231;4
29/8/2024;46.371;88;1;1,8;37.097;1,6;2;88;0,3;37.912;40;-1,5;44.231;3
30/8/2024;46.371;88;1;1,8;37.097;1,6;2;88;0,3;37.912;40;-1,5;44.231;2
31/8/2024;46.370;88;1;1,8;37.090;1,6;2;88;0,3;37.912;40;-1,5;44.231;1
1/9/2024;44.383;88;1;1,8;36.667;1,6;2;88;0,3;12.792;40;-1,5;0;30
2/9/2024;45.883;88;1;1,8;36.667;1,6;2;88;0,3;12.792;40;-1,5;42.300;29
3/9/2024;45.883;88;1;1,8;36.667;1,6;2;88;0,3;38.372;40;-1,5;42.308;28
4/9/2024;45.883;88;1;1,8;36.667;1,6;2;88;0,3;38.372;40;-1,5;42.308;27
5/9/2024;45.883;88;1;1,8;36.667;1,6;2;88;0,3;38.372;40;-1,5;42.308;26
6/9/2024;45.883;88;1;1,8;36.667;1,6;2;88;0,3;38.372;40;-1,5;42.308;25
7/9/2024;45.883;88;1;1,8;36.667;1,6;2;88;0,3;38.372;40;-1,5;42.308;24
8/9/2024;45.883;88;1;1,8;36.667;1,6;2;88;0,3;38.372;40;-1,5;0;23
9/9/2024;45.883;88;1;1,8;36.667;1,6;2;88;0,3;38.372;40;-1,5;42.308;22
10/9/2024;45.883;88;1;1,8;36.667;1,6;2;88;0,3;38.372;40;-1,5;42.308;21
11/9/2024;45.883;88;1;1,8;36.667;1,6;2;88;0,3;38.372;40;-1,5;42.308;20
12/9/2024;45.883;88;1;1,8;36.667;1,6;2;88;0,3;38.372;40;-1,5;42.308;19
13/9/2024;45.883;88;1;1,8;36.667;1,6;2;88;0,3;38.372;40;-1,5;42.308;18
14/9/2024;45.883;88;1;1,8;36.667;1,6;2;88;0,3;38.372;40;-1,5;42.308;17
15/9/2024;45.883;88;1;1,8;36.667;1,6;2;88;0,3;38.372;40;-1,5;0;16
16/9/2024;45.883;88;1;1,8;36.667;1,6;2;88;0,3;38.372;40;-1,5;42.308;15
17/9/2024;45.883;88;1;1,8;36.667;1,6;2;88;0,3;38.372;40;-1,5;42.308;14
18/9/2024;45.883;88;1;1,8;36.667;1,6;2;88;0,3;38.372;40;-1,5;42.308;13
19/9/2024;45.883;88;1;1,8;36.667;1,6;2;88;0,3;38.372;40;-1,5;42.308;12
20/9/2024;45.883;88;1;1,8;36.667;1,6;2;88;0,3;38.372;40;-1,5;42.308;11
21/9/2024;45.883;88;1;1,8;36.667;1,6;2;88;0,3;38.372;40;-1,5;42.308;10
22/9/2024;45.883;88;1;1,8;36.667;1,6;2;88;0,3;38.372;40;-1,5;0;9
23/9/2024;45.883;88;1;1,8;36.667;1,6;2;88;0,3;38.372;40;-1,5;42.308;8
24/9/2024;45.883;88;1;1,8;36.667;1,6;2;88;0,3;38.372;40;-1,5;42.308;7
25/9/2024;45.883;88;1;1,8;36.667;1,6;2;88;0,3;38.372;40;-1,5;42.308;6
26/9/2024;45.883;88;1;1,8;36.667;1,6;2;88;0,3;38.372;40;-1,5;42.308;5
27/9/2024;45.883;88;1;1,8;36.667;1,6;2;88;0,3;38.372;40;-1,5;42.308;4
28/9/2024;45.883;88;1;1,8;36.667;1,6;2;88;0,3;38.372;40;-1,5;42.308;3
29/9/2024;45.883;88;1;1,8;36.667;1,6;2;88;0,3;38.372;40;-1,5;42.308;2
30/9/2024;45.893;88;1;1,8;36.657;1,6;2;88;0,3;38.372;40;-1,5;42.308;1
1/10/2024;46.458;88;1;1,8;37.167;1,6;2;88;0,3;12.670;40;-1,5;0;31
2/10/2024;46.458;88;1;1,8;37.167;1,6;2;88;0,3;38.011;40;-1,5;42.875;30
3/10/2024;46.458;88;1;1,8;37.167;1,6;2;88;0,3;38.011;40;-1,5;42.885;29
4/10/2024;46.458;88;1;1,8;37.167;1,6;2;88;0,3;38.011;40;-1,5;42.885;28
5/10/2024;46.458;88;1;1,8;37.167;1,6;2;88;0,3;38.011;40;-1,5;42.885;27
6/10/2024;46.458;88;1;1,8;37.167;1,6;2;88;0,3;38.011;40;-1,5;0;26
7/10/2024;46.458;88;1;1,8;37.167;1,6;2;88;0,3;38.011;40;-1,5;42.885;25
8/10/2024;46.458;88;1;1,8;37.167;1,6;2;88;0,3;38.011;40;-1,5;42.885;24
9/10/2024;46.458;88;1;1,8;37.167;1,6;2;88;0,3;38.011;40;-1,5;42.885;23
10/10/2024;46.458;88;1;1,8;37.167;1,6;2;88;0,3;38.011;40;-1,5;42.885;22
11/10/2024;46.458;88;1;1,8;37.167;1,6;2;88;0,3;38.011;40;-1,5;42.885;21
12/10/2024;46.458;88;1;1,8;37.167;1,6;2;88;0,3;38.011;40;-1,5;42.885;20
13/10/2024;46.458;88;1;1,8;37.167;1,6;2;88;0,3;38.011;40;-1,5;0;19
14/10/2024;46.458;88;1;1,8;37.167;1,6;2;88;0,3;38.011;40;-1,5;42.885;18
15/10/2024;46.458;88;1;1,8;37.167;1,6;2;88;0,3;38.011;40;-1,5;42.885;17
16/10/2024;46.458;88;1;1,8;37.167;1,6;2;88;0,3;38.011;40;-1,5;42.885;16
17/10/2024;46.458;88;1;1,8;37.167;1,6;2;88;0,3;38.011;40;-1,5;42.885;15
18/10/2024;46.458;88;1;1,8;37.167;1,6;2;88;0,3;38.011;40;-1,5;42.885;14
19/10/2024;46.458;88;1;1,8;37.167;1,6;2;88;0,3;38.011;40;-1,5;42.885;13
20/10/2024;0;0;0;0;0;0;0;0;0;0;0;0;0;12
21/10/2024;46.458;88;1;1,8;37.167;1,6;2;88;0,3;38.011;40;-1,5;42.885;11
22/10/2024;46.458;88;1;1,8;37.167;1,6;2;88;0,3;38.011;40;-1,5;42.885;10
23/10/2024;46.458;88;1;1,8;37.167;1,6;2;88;0,3;38.011;40;-1,5;42.885;9
24/10/2024;46.458;88;1;1,8;37.167;1,6;2;88;0,3;38.011;40;-1,5;42.885;8
25/10/2024;46.458;88;1;1,8;37.167;1,6;2;88;0,3;38.011;40;-1,5;42.885;7
26/10/2024;46.458;88;1;1,8;37.167;1,6;2;88;0,3;38.011;40;-1,5;42.885;6
27/10/2024;46.458;88;1;1,8;37.167;1,6;2;88;0,3;38.011;40;-1,5;0;5
28/10/2024;46.458;88;1;1,8;37.167;1,6;2;88;0,3;38.011;40;-1,5;42.885;4
29/10/2024;46.458;88;1;1,8;37.167;1,6;2;88;0,3;38.011;40;-1,5;42.885;3
30/10/2024;46.458;88;1;1,8;37.167;1,6;2;88;0,3;38.011;40;-1,5;42.885;2
31/10/2024;46.468;88;1;1,8;37.157;1,6;2;88;0,3;38.022;40;-1,5;42.885;1
1/11/2024;46.458;88;1;1,8;37.157;1,6;2;88;0,3;12.670;40;-1,5;0;30
2/11/2024;46.458;88;1;1,8;37.167;1,6;2;88;0,3;38.011;40;-1,5;0;29
3/11/2024;46.458;88;1;1,8;37.167;1,6;2;88;0,3;38.011;40;-1,5;0;28
4/11/2024;46.458;88;1;1,8;37.167;1,6;2;88;0,3;38.011;40;-1,5;46.458;27
5/11/2024;46.458;88;1;1,8;37.167;1,6;2;88;0,3;38.011;40;-1,5;46.458;26
6/11/2024;46.458;88;1;1,8;37.167;1,6;2;88;0,3;38.011;40;-1,5;46.458;25
7/11/2024;46.458;88;1;1,8;37.167;1,6;2;88;0,3;38.011;40;-1,5;46.458;24
8/11/2024;46.458;88;1;1,8;37.167;1,6;2;88;0,3;38.011;40;-1,5;46.458;23
9/11/2024;46.458;88;1;1,8;37.167;1,6;2;88;0,3;38.011;40;-1,5;46.458;22
10/11/2024;46.458;88;1;1,8;37.167;1,6;2;88;0,3;38.011;40;-1,5;0;21
11/11/2024;46.458;88;1;1,8;37.167;1,6;2;88;0,3;38.011;40;-1,5;46.458;20
12/11/2024;46.458;88;1;1,8;37.167;1,6;2;88;0,3;38.011;40;-1,5;46.458;19
13/11/2024;46.458;88;1;1,8;37.167;1,6;2;88;0,3;38.011;40;-1,5;46.458;18
14/11/2024;46.458;88;1;1,8;37.167;1,6;2;88;0,3;38.011;40;-1,5;46.458;17
15/11/2024;46.458;88;1;1,8;37.167;1,6;2;88;0,3;38.011;40;-1,5;46.458;16
16/11/2024;46.458;88;1;1,8;37.167;1,6;2;88;0,3;38.011;40;-1,5;46.458;15
17/11/2024;46.458;88;1;1,8;37.167;1,6;2;88;0,3;38.011;40;-1,5;0;14
18/11/2024;46.458;88;1;1,8;37.167;1,6;2;88;0,3;38.011;40;-1,5;46.458;13
19/11/2024;46.458;88;1;1,8;37.167;1,6;2;88;0,3;38.011;40;-1,5;46.458;12
20/11/2024;46.458;88;1;1,8;37.167;1,6;2;88;0,3;38.011;40;-1,5;46.458;11
21/11/2024;46.458;88;1;1,8;37.167;1,6;2;88;0,3;38.011;40;-1,5;46.458;10
22/11/2024;46.458;88;1;1,8;37.167;1,6;2;88;0,3;38.011;40;-1,5;46.458;9
23/11/2024;46.458;88;1;1,8;37.167;1,6;2;88;0,3;38.011;40;-1,5;46.458;8
24/11/2024;46.458;88;1;1,8;37.167;1,6;2;88;0,3;38.011;40;-1,5;0;7
25/11/2024;46.458;88;1;1,8;37.167;1,6;2;88;0,3;38.011;40;-1,5;46.458;6
26/11/2024;46.458;88;1;1,8;37.167;1,6;2;88;0,3;38.011;40;-1,5;46.458;5
27/11/2024;46.458;88;1;1,8;37.167;1,6;2;88;0,3;38.011;40;-1,5;46.458;4
28/11/2024;46.458;88;1;1,8;37.167;1,6;2;88;0,3;38.011;40;-1,5;46.458;3
29/11/2024;46.458;88;1;1,8;37.167;1,6;2;88;0,3;38.011;40;-1,5;46.458;2
30/11/2024;46.468;88;1;1,8;37.167;1,6;2;88;0,3;38.022;40;-1,5;46.466;1
1/12/2024;46.429;88;1;1,8;37.143;1,6;2;88;0,3;25.574;40;-1,5;0;31
2/12/2024;46.429;88;1;1,8;37.143;1,6;2;88;0,3;25.574;40;-1,5;43.333;30
3/12/2024;46.429;88;1;1,8;37.143;1,6;2;88;0,3;38.361;40;-1,5;43.333;29
4/12/2024;46.429;88;1;1,8;37.143;1,6;2;88;0,3;38.361;40;-1,5;43.333;28
5/12/2024;46.429;88;1;1,8;37.143;1,6;2;88;0,3;38.361;40;-1,5;43.333;27
6/12/2024;46.429;88;1;1,8;37.143;1,6;2;88;0,3;38.361;40;-1,5;43.333;26
7/12/2024;46.429;88;1;1,8;37.143;1,6;2;88;0,3;38.361;40;-1,5;43.333;25
8/12/2024;46.429;88;1;1,8;37.143;1,6;2;88;0,3;38.361;40;-1,5;0;24
9/12/2024;46.429;88;1;1,8;37.143;1,6;2;88;0,3;38.361;40;-1,5;43.333;23
10/12/2024;46.429;88;1;1,8;37.143;1,6;2;88;0,3;38.361;40;-1,5;43.333;22
11/12/2024;46.429;88;1;1,8;37.143;1,6;2;88;0,3;38.361;40;-1,5;43.333;21
12/12/2024;46.429;88;1;1,8;37.143;1,6;2;88;0,3;38.361;40;-1,5;43.333;20
13/12/2024;46.429;88;1;1,8;37.143;1,6;2;88;0,3;38.361;40;-1,5;43.333;19
14/12/2024;46.429;88;1;1,8;37.143;1,6;2;88;0,3;38.361;40;-1,5;43.333;18
15/12/2024;46.429;88;1;1,8;37.143;1,6;2;88;0,3;38.361;40;-1,5;0;17
16/12/2024;46.429;88;1;1,8;37.143;1,6;2;88;0,3;38.361;40;-1,5;43.333;16
17/12/2024;46.429;88;1;1,8;37.143;1,6;2;88;0,3;38.361;40;-1,5;43.333;15
18/12/2024;46.429;88;1;1,8;37.143;1,6;2;88;0,3;38.361;40;-1,5;43.333;14
19/12/2024;46.429;88;1;1,8;37.143;1,6;2;88;0,3;38.361;40;-1,5;43.333;13
20/12/2024;46.429;88;1;1,8;37.143;1,6;2;88;0,3;38.361;40;-1,5;43.333;12
21/12/2024;46.420;88;1;1,8;37.140;1,6;2;88;0,3;38.354;40;-1,5;43.339;11
22/12/2024;0;0;0;0;0;0;0;0;0;0;0;0;0;10
23/12/2024;0;0;0;0;0;0;0;0;0;0;0;0;0;9
24/12/2024;0;0;0;0;0;0;0;0;0;0;0;0;0;8
25/12/2024;0;0;0;0;0;0;0;0;0;0;0;0;0;7
26/12/2024;0;0;0;0;0;0;0;0;0;0;0;0;0;6
27/12/2024;0;0;0;0;0;0;0;0;0;0;0;0;0;5
28/12/2024;0;0;0;0;0;0;0;0;0;0;0;0;0;4
29/12/2024;0;0;0;0;0;0;0;0;0;0;0;0;0;3
30/12/2024;0;0;0;0;0;0;0;0;0;0;0;0;0;2
31/12/2024;0;0;0;0;0;0;0;0;0;0;0;0;0;1
1/1/2025;0;0;0;0;0;0;0;0;0;0;0;0;0;31
2/1/2025;0;0;0;0;0;0;0;0;0;0;0;0;0;30
3/1/2025;0;0;0;0;0;0;0;0;0;0;0;0;0;29
4/1/2025;0;0;0;0;0;0;0;0;0;0;0;0;0;28
5/1/2025;0;0;0;0;0;0;0;0;0;0;0;0;0;27
6/1/2025;0;0;0;0;0;0;0;0;0;0;0;0;0;26
7/1/2025;0;0;0;0;0;0;0;0;0;0;0;0;0;25
8/1/2025;0;0;0;0;0;0;0;0;0;0;0;0;0;24
9/1/2025;0;0;0;0;0;0;0;0;0;0;0;0;0;23
10/1/2025;0;0;0;0;0;0;0;0;0;0;0;0;0;22
11/1/2025;0;0;0;0;0;0;0;0;0;0;0;0;0;21
12/1/2025;0;0;0;0;0;0;0;0;0;0;0;0;0;20
13/1/2025;46.702;88;1;1,8;37.368;1,6;2;88;0,3;37.368;40;-1,5;0;19
14/1/2025;46.711;88;1;1,8;37.368;1,6;2;88;0,3;37.368;40;-1,5;44.375;18
15/1/2025;46.711;88;1;1,8;37.368;1,6;2;88;0,3;37.368;40;-1,5;44.375;17
16/1/2025;46.711;88;1;1,8;37.368;1,6;2;88;0,3;37.368;40;-1,5;44.375;16
17/1/2025;46.711;88;1;1,8;37.368;1,6;2;88;0,3;37.368;40;-1,5;44.375;15
18/1/2025;46.711;88;1;1,8;37.368;1,6;2;88;0,3;37.368;40;-1,5;44.375;14
19/1/2025;46.711;88;1;1,8;37.368;1,6;2;88;0,3;37.368;40;-1,5;0;13
20/1/2025;46.711;88;1;1,8;37.368;1,6;2;88;0,3;37.368;40;-1,5;44.375;12
21/1/2025;46.711;88;1;1,8;37.368;1,6;2;88;0,3;37.368;40;-1,5;44.375;11
22/1/2025;46.711;88;1;1,8;37.368;1,6;2;88;0,3;37.368;40;-1,5;44.375;10
23/1/2025;46.711;88;1;1,8;37.368;1,6;2;88;0,3;37.368;40;-1,5;44.375;9
24/1/2025;46.711;88;1;1,8;37.368;1,6;2;88;0,3;37.368;40;-1,5;44.375;8
25/1/2025;46.711;88;1;1,8;37.368;1,6;2;88;0,3;37.368;40;-1,5;44.375;7
26/1/2025;46.711;88;1;1,8;37.368;1,6;2;88;0,3;37.368;40;-1,5;0;6
27/1/2025;46.711;88;1;1,8;37.368;1,6;2;88;0,3;37.368;40;-1,5;44.375;5
28/1/2025;46.711;88;1;1,8;37.368;1,6;2;88;0,3;37.368;40;-1,5;44.375;4
29/1/2025;46.711;88;1;1,8;37.368;1,6;2;88;0,3;37.368;40;-1,5;44.375;3
30/1/2025;46.711;88;1;1,8;37.368;1,6;2;88;0,3;37.368;40;-1,5;44.375;2
31/1/2025;46.711;88;1;1,8;37.376;1,6;2;88;0,3;37.376;40;-1,5;44.375;1
1/2/2025;46.417;88;1;1,8;37.140;1,6;2;88;0,3;26.026;40;-1,5;0;28
2/2/2025;46.429;88;1;1,8;37.142;1,6;2;88;0,3;38.519;40;-1,5;0;27
3/2/2025;46.429;88;1;1,8;37.143;1,6;2;88;0,3;12.480;40;-1,5;45.217;26
4/2/2025;46.429;88;1;1,8;37.143;1,6;2;88;0,3;38.519;40;-1,5;45.217;25
5/2/2025;46.429;88;1;1,8;37.143;1,6;2;88;0,3;38.519;40;-1,5;45.217;24
6/2/2025;46.429;88;1;1,8;37.143;1,6;2;88;0,3;38.519;40;-1,5;45.217;23
7/2/2025;46.429;88;1;1,8;37.143;1,6;2;88;0,3;38.519;40;-1,5;45.217;22
8/2/2025;46.429;88;1;1,8;37.143;1,6;2;88;0,3;38.519;40;-1,5;45.217;21
9/2/2025;46.429;88;1;1,8;37.143;1,6;2;88;0,3;38.519;40;-1,5;0;20
10/2/2025;46.429;88;1;1,8;37.143;1,6;2;88;0,3;38.519;40;-1,5;45.217;19
11/2/2025;46.429;88;1;1,8;37.143;1,6;2;88;0,3;38.519;40;-1,5;45.217;18
12/2/2025;46.429;88;1;1,8;37.143;1,6;2;88;0,3;38.519;40;-1,5;45.217;17
13/2/2025;46.429;88;1;1,8;37.143;1,6;2;88;0,3;38.519;40;-1,5;45.217;16
14/2/2025;46.429;88;1;1,8;37.143;1,6;2;88;0,3;38.519;40;-1,5;45.217;15
15/2/2025;46.429;88;1;1,8;37.143;1,6;2;88;0,3;38.519;40;-1,5;45.217;14
16/2/2025;46.429;88;1;1,8;37.143;1,6;2;88;0,3;38.519;40;-1,5;0;13
17/2/2025;46.429;88;1;1,8;37.143;1,6;2;88;0,3;38.519;40;-1,5;45.217;12
18/2/2025;46.429;88;1;1,8;37.143;1,6;2;88;0,3;38.519;40;-1,5;45.217;11
19/2/2025;46.429;88;1;1,8;37.143;1,6;2;88;0,3;38.519;40;-1,5;45.217;10
20/2/2025;46.429;88;1;1,8;37.143;1,6;2;88;0,3;38.519;40;-1,5;45.217;9
21/2/2025;46.429;88;1;1,8;37.143;1,6;2;88;0,3;38.519;40;-1,5;45.217;8
22/2/2025;46.429;88;1;1,8;37.143;1,6;2;88;0,3;38.519;40;-1,5;45.217;7
23/2/2025;46.429;88;1;1,8;37.143;1,6;2;88;0,3;38.519;40;-1,5;0;6
24/2/2025;46.429;88;1;1,8;37.143;1,6;2;88;0,3;38.519;40;-1,5;45.217;5
25/2/2025;46.429;88;1;1,8;37.143;1,6;2;88;0,3;38.519;40;-1,5;45.217;4
26/2/2025;46.429;88;1;1,8;37.143;1,6;2;88;0,3;38.519;40;-1,5;45.217;3
27/2/2025;46.429;88;1;1,8;37.143;1,6;2;88;0,3;38.519;40;-1,5;45.217;2
28/2/2025;46.429;88;1;1,8;37.143;1,6;2;88;0,3;38.519;40;-1,5;45.226;1
1/3/2025;45.560;88;1;1,8;36.440;1,6;2;88;0,3;12.546;40;-1,5;0;31
2/3/2025;45.565;88;1;1,8;36.452;1,6;2;88;0,3;37.667;40;-1,5;0;30
3/3/2025;45.565;88;1;1,8;36.452;1,6;2;88;0,3;25.111;40;-1,5;43.450;29
4/3/2025;45.565;88;1;1,8;36.452;1,6;2;88;0,3;37.667;40;-1,5;43.462;28
5/3/2025;45.565;88;1;1,8;36.452;1,6;2;88;0,3;37.667;40;-1,5;43.462;27
6/3/2025;45.565;88;1;1,8;36.452;1,6;2;88;0,3;37.667;40;-1,5;43.462;26
7/3/2025;45.565;88;1;1,8;36.452;1,6;2;88;0,3;37.667;40;-1,5;43.462;25
8/3/2025;45.565;88;1;1,8;36.452;1,6;2;88;0,3;37.667;40;-1,5;43.462;24
9/3/2025;45.565;88;1;1,8;36.452;1,6;2;88;0,3;37.667;40;-1,5;0;23
10/3/2025;45.565;88;1;1,8;36.452;1,6;2;88;0,3;37.667;40;-1,5;43.462;22
11/3/2025;45.565;88;1;1,8;36.452;1,6;2;88;0,3;37.667;40;-1,5;43.462;21
12/3/2025;45.565;88;1;1,8;36.452;1,6;2;88;0,3;37.667;40;-1,5;43.462;20
13/3/2025;45.565;88;1;1,8;36.452;1,6;2;88;0,3;37.667;40;-1,5;43.462;19
14/3/2025;45.565;88;1;1,8;36.452;1,6;2;88;0,3;37.667;40;-1,5;43.462;18
15/3/2025;45.565;88;1;1,8;36.452;1,6;2;88;0,3;37.667;40;-1,5;43.462;17
16/3/2025;45.565;88;1;1,8;36.452;1,6;2;88;0,3;37.667;40;-1,5;0;16
17/3/2025;45.565;88;1;1,8;36.452;1,6;2;88;0,3;37.667;40;-1,5;43.462;15
18/3/2025;45.565;88;1;1,8;36.452;1,6;2;88;0,3;37.667;40;-1,5;43.462;14
19/3/2025;45.565;88;1;1,8;36.452;1,6;2;88;0,3;37.667;40;-1,5;43.462;13
20/3/2025;45.565;88;1;1,8;36.452;1,6;2;88;0,3;37.667;40;-1,5;43.462;12
21/3/2025;45.565;88;1;1,8;36.452;1,6;2;88;0,3;37.667;40;-1,5;43.462;11
22/3/2025;45.565;88;1;1,8;36.452;1,6;2;88;0,3;37.667;40;-1,5;43.462;10
23/3/2025;45.565;88;1;1,8;36.452;1,6;2;88;0,3;37.667;40;-1,5;0;9
24/3/2025;45.565;88;1;1,8;36.452;1,6;2;88;0,3;37.667;40;-1,5;43.462;8
25/3/2025;45.565;88;1;1,8;36.452;1,6;2;88;0,3;37.667;40;-1,5;43.462;7
26/3/2025;45.565;88;1;1,8;36.452;1,6;2;88;0,3;37.667;40;-1,5;43.462;6
27/3/2025;45.565;88;1;1,8;36.452;1,6;2;88;0,3;37.667;40;-1,5;43.462;5
28/3/2025;45.565;88;1;1,8;36.452;1,6;2;88;0,3;37.667;40;-1,5;43.462;4
29/3/2025;45.565;88;1;1,8;36.452;1,6;2;88;0,3;37.667;40;-1,5;43.462;3
30/3/2025;45.565;88;1;1,8;36.452;1,6;2;88;0,3;37.667;40;-1,5;43.462;2
31/3/2025;45.565;88;1;1,8;36.452;1,6;2;88;0,3;37.667;40;-1,5;43.462;1
1/4/2025;45.680;88;1;1,8;36.552;1,6;2;88;0,3;24.935;40;-1,5;0;30
2/4/2025;45.690;88;1;1,8;36.552;1,6;2;88;0,3;37.412;40;-1,5;44.159;29
3/4/2025;45.690;88;1;1,8;36.552;1,6;2;88;0,3;24.941;40;-1,5;44.167;28
4/4/2025;45.690;88;1;1,8;36.552;1,6;2;88;0,3;37.412;40;-1,5;44.167;27
5/4/2025;45.690;88;1;1,8;36.552;1,6;2;88;0,3;37.412;40;-1,5;44.167;26
6/4/2025;45.690;88;1;1,8;36.552;1,6;2;88;0,3;37.412;40;-1,5;0;25
7/4/2025;45.690;88;1;1,8;36.552;1,6;2;88;0,3;37.412;40;-1,5;44.167;24
8/4/2025;45.690;88;1;1,8;36.552;1,6;2;88;0,3;37.412;40;-1,5;44.167;23
9/4/2025;45.690;88;1;1,8;36.552;1,6;2;88;0,3;37.412;40;-1,5;44.167;22
10/4/2025;45.690;88;1;1,8;36.552;1,6;2;88;0,3;37.412;40;-1,5;44.167;21
11/4/2025;45.690;88;1;1,8;36.552;1,6;2;88;0,3;37.412;40;-1,5;44.167;20
12/4/2025;45.690;88;1;1,8;36.552;1,6;2;88;0,3;37.412;40;-1,5;44.167;19
13/4/2025;45.690;88;1;1,8;36.552;1,6;2;88;0,3;37.412;40;-1,5;0;18
14/4/2025;45.690;88;1;1,8;36.552;1,6;2;88;0,3;37.412;40;-1,5;44.167;17
15/4/2025;45.690;88;1;1,8;36.552;1,6;2;88;0,3;37.412;40;-1,5;44.167;16
16/4/2025;45.690;88;1;1,8;36.552;1,6;2;88;0,3;37.412;40;-1,5;44.167;15
17/4/2025;45.690;88;1;1,8;36.552;1,6;2;88;0,3;37.412;40;-1,5;44.167;14
18/4/2025;0;0;0;0;0;0;0;0;0;0;0;0;0;0
19/4/2025;45.690;88;1;1,8;36.544;1,6;2;88;0,3;37.412;40;-1,5;44.167;12
20/4/2025;45.690;88;1;1,8;36.552;1,6;2;88;0,3;37.412;40;-1,5;0;11
21/4/2025;45.690;88;1;1,8;36.552;1,6;2;88;0,3;37.412;40;-1,5;44.167;10
22/4/2025;45.690;88;1;1,8;36.552;1,6;2;88;0,3;37.412;40;-1,5;44.167;9
23/4/2025;45.690;88;1;1,8;36.552;1,6;2;88;0,3;37.412;40;-1,5;44.167;8
24/4/2025;45.690;88;1;1,8;36.552;1,6;2;88;0,3;37.412;40;-1,5;44.167;7
25/4/2025;45.690;88;1;1,8;36.552;1,6;2;88;0,3;37.412;40;-1,5;44.167;6
26/4/2025;45.690;88;1;1,8;36.552;1,6;2;88;0,3;37.412;40;-1,5;44.167;5
27/4/2025;45.690;88;1;1,8;36.552;1,6;2;88;0,3;37.412;40;-1,5;0;4
28/4/2025;45.690;88;1;1,8;36.552;1,6;2;88;0,3;37.412;40;-1,5;44.167;3
29/4/2025;45.690;88;1;1,8;36.552;1,6;2;88;0,3;37.412;40;-1,5;44.167;2
30/4/2025;45.690;88;1;1,8;36.552;1,6;2;88;0,3;37.412;40;-1,5;44.167;1
1/5/2025;0;0;0;0;0;0;0;0;0;0;0;0;0;31
2/5/2025;46.468;88;1;1,8;37.157;1,6;2;88;0,3;12.681;40;-1,5;44.600;30
3/5/2025;46.458;88;1;1,8;37.167;1,6;2;88;0,3;38.011;40;-1,5;0;29
4/5/2025;46.458;88;1;1,8;37.167;1,6;2;88;0,3;38.011;40;-1,5;0;28
5/5/2025;46.458;88;1;1,8;37.167;1,6;2;88;0,3;38.011;40;-1,5;44.600;27
6/5/2025;46.458;88;1;1,8;37.167;1,6;2;88;0,3;38.011;40;-1,5;44.600;26
7/5/2025;46.458;88;1;1,8;37.167;1,6;2;88;0,3;38.011;40;-1,5;44.600;25
8/5/2025;46.458;88;1;1,8;37.167;1,6;2;88;0,3;38.011;40;-1,5;44.600;24
9/5/2025;46.458;88;1;1,8;37.167;1,6;2;88;0,3;38.011;40;-1,5;44.600;23
10/5/2025;46.458;88;1;1,8;37.167;1,6;2;88;0,3;38.011;40;-1,5;44.600;22
11/5/2025;46.458;88;1;1,8;37.167;1,6;2;88;0,3;38.011;40;-1,5;0;21
12/5/2025;46.458;88;1;1,8;37.167;1,6;2;88;0,3;38.011;40;-1,5;44.600;20
13/5/2025;46.458;88;1;1,8;37.167;1,6;2;88;0,3;38.011;40;-1,5;44.600;19
14/5/2025;46.458;88;1;1,8;37.167;1,6;2;88;0,3;38.011;40;-1,5;44.600;18
15/5/2025;46.458;88;1;1,8;37.167;1,6;2;88;0,3;38.011;40;-1,5;44.600;17
16/5/2025;46.458;88;1;1,8;37.167;1,6;2;88;0,3;38.011;40;-1,5;44.600;16
17/5/2025;46.458;88;1;1,8;37.167;1,6;2;88;0,3;38.011;40;-1,5;44.600;15
18/5/2025;46.458;88;1;1,8;37.167;1,6;2;88;0,3;38.011;40;-1,5;0;14
19/5/2025;46.458;88;1;1,8;37.167;1,6;2;88;0,3;38.011;40;-1,5;44.600;13
20/5/2025;46.458;88;1;1,8;37.167;1,6;2;88;0,3;38.011;40;-1,5;44.600;12
21/5/2025;46.458;88;1;1,8;37.167;1,6;2;88;0,3;38.011;40;-1,5;44.600;11
22/5/2025;46.458;88;1;1,8;37.167;1,6;2;88;0,3;38.011;40;-1,5;44.600;10
23/5/2025;46.458;88;1;1,8;37.167;1,6;2;88;0,3;38.011;40;-1,5;44.600;9
24/5/2025;46.458;88;1;1,8;37.167;1,6;2;88;0,3;38.011;40;-1,5;44.600;8
25/5/2025;46.458;88;1;1,8;37.167;1,6;2;88;0,3;38.011;40;-1,5;0;7
26/5/2025;46.458;88;1;1,8;37.167;1,6;2;88;0,3;38.011;40;-1,5;44.600;6
27/5/2025;46.458;88;1;1,8;37.167;1,6;2;88;0,3;38.011;40;-1,5;44.600;5
28/5/2025;46.458;88;1;1,8;37.167;1,6;2;88;0,3;38.011;40;-1,5;44.600;4
29/5/2025;46.458;88;1;1,8;37.167;1,6;2;88;0,3;38.011;40;-1,5;44.600;3
30/5/2025;46.458;88;1;1,8;37.167;1,6;2;88;0,3;38.011;40;-1,5;44.600;2
31/5/2025;46.458;88;1;1,8;37.167;1,6;2;88;0,3;38.011;40;-1,5;44.600;1
1/6/2025;47.500;88;1;1,8;38.000;1,6;2;88;0,3;0;40;-1,5;0;30
2/6/2025;47.500;88;1;1,8;38.000;1,6;2;88;0,3;0;40;-1,5;43.486;29
3/6/2025;47.500;88;1;1,8;38.000;1,6;2;88;0,3;27.465;40;-1,5;43.486;28
4/6/2025;47.500;88;1;1,8;38.000;1,6;2;88;0,3;41.205;40;-1,5;43.486;27
5/6/2025;47.500;88;1;1,8;38.000;1,6;2;88;0,3;41.205;40;-1,5;43.486;26
6/6/2025;47.500;88;1;1,8;38.000;1,6;2;88;0,3;41.205;40;-1,5;43.486;25
7/6/2025;47.500;88;1;1,8;38.000;1,6;2;88;0,3;41.205;40;-1,5;43.486;24
8/6/2025;47.500;88;1;1,8;38.000;1,6;2;88;0,3;41.205;40;-1,5;0;23
9/6/2025;47.500;88;1;1,8;38.000;1,6;2;88;0,3;41.205;40;-1,5;43.486;22
10/6/2025;47.500;88;1;1,8;38.000;1,6;2;88;0,3;41.205;40;-1,5;43.486;21
11/6/2025;47.500;88;1;1,8;38.000;1,6;2;88;0,3;41.205;40;-1,5;43.486;20
12/6/2025;47.500;88;1;1,8;38.000;1,6;2;88;0,3;41.205;40;-1,5;43.486;19
13/6/2025;47.500;88;1;1,8;38.000;1,6;2;88;0,3;41.205;40;-1,5;43.486;18
14/6/2025;47.500;88;1;1,8;38.000;1,6;2;88;0,3;41.205;40;-1,5;43.486;17
15/6/2025;47.500;88;1;1,8;38.000;1,6;2;88;0,3;41.205;40;-1,5;0;16
16/6/2025;47.500;88;1;1,8;38.000;1,6;2;88;0,3;41.205;40;-1,5;43.486;15
17/6/2025;47.500;88;1;1,8;38.000;1,6;2;88;0,3;41.205;40;-1,5;43.486;14
18/6/2025;47.500;88;1;1,8;38.000;1,6;2;88;0,3;41.205;40;-1,5;43.486;13
19/6/2025;47.500;88;1;1,8;38.000;1,6;2;88;0,3;41.205;40;-1,5;43.486;12
20/6/2025;47.500;88;1;1,8;38.000;1,6;2;88;0,3;41.205;40;-1,5;43.486;11
21/6/2025;47.500;88;1;1,8;38.000;1,6;2;88;0,3;41.205;40;-1,5;43.486;10
22/6/2025;47.500;88;1;1,8;38.000;1,6;2;88;0,3;41.205;40;-1,5;0;9
23/6/2025;47.500;88;1;1,8;38.000;1,6;2;88;0,3;41.205;40;-1,5;43.486;8
24/6/2025;47.500;88;1;1,8;38.000;1,6;2;88;0,3;41.205;40;-1,5;43.486;7
25/6/2025;47.500;88;1;1,8;38.000;1,6;2;88;0,3;41.205;40;-1,5;43.486;6
26/6/2025;47.500;88;1;1,8;38.000;1,6;2;88;0,3;41.205;40;-1,5;43.486;5
27/6/2025;47.500;88;1;1,8;38.000;1,6;2;88;0,3;41.205;40;-1,5;43.486;4
28/6/2025;47.500;88;1;1,8;38.000;1,6;2;88;0,3;41.205;40;-1,5;43.486;3
29/6/2025;47.500;88;1;1,8;38.000;1,6;2;88;0,3;41.205;40;-1,5;43.486;2
30/6/2025;47.500;88;1;1,8;38.000;1,6;2;88;0,3;41.205;40;-1,5;52.850;1
1/7/2025;46.774;88;1;1,8;37.419;1,6;2;85;0,3;0;42;-1,5;0;31
2/7/2025;46.774;88;1;1,8;37.419;1,6;2;85;0,3;13.195;42;-1,5;6.050;30
3/7/2025;46.774;88;1;1,8;37.419;1,6;2;85;0,3;39.545;42;-1,5;46.158;29
4/7/2025;46.774;88;1;1,8;37.419;1,6;2;85;0,3;39.545;42;-1,5;46.158;28
5/7/2025;46.774;88;1;1,8;37.419;1,6;2;85;0,3;39.545;42;-1,5;46.158;27
6/7/2025;46.774;88;1;1,8;37.419;1,6;2;85;0,3;39.545;42;-1,5;0;26
7/7/2025;46.774;88;1;1,8;37.419;1,6;2;85;0,3;39.545;42;-1,5;46.158;25
8/7/2025;46.774;88;1;1,8;37.419;1,6;2;85;0,3;39.545;42;-1,5;46.158;24
9/7/2025;46.774;88;1;1,8;37.419;1,6;2;85;0,3;39.545;42;-1,5;46.158;23
10/7/2025;46.774;88;1;1,8;37.419;1,6;2;85;0,3;39.545;42;-1,5;46.158;22
11/7/2025;46.774;88;1;1,8;37.419;1,6;2;85;0,3;39.545;42;-1,5;46.158;21
12/7/2025;46.774;88;1;1,8;37.419;1,6;2;85;0,3;39.545;42;-1,5;46.158;20
13/7/2025;46.774;88;1;1,8;37.419;1,6;2;85;0,3;39.545;42;-1,5;0;19
14/7/2025;46.774;88;1;1,8;37.419;1,6;2;85;0,3;39.545;42;-1,5;46.158;18
15/7/2025;46.774;88;1;1,8;37.419;1,6;2;85;0,3;39.545;42;-1,5;46.158;17
16/7/2025;46.774;88;1;1,8;37.419;1,6;2;85;0,3;39.545;42;-1,5;46.158;16
17/7/2025;46.774;88;1;1,8;37.419;1,6;2;85;0,3;39.545;42;-1,5;46.158;15
18/7/2025;46.774;88;1;1,8;37.419;1,6;2;85;0,3;39.545;42;-1,5;46.158;14
19/7/2025;46.774;88;1;1,8;37.419;1,6;2;85;0,3;39.545;42;-1,5;46.158;13
20/7/2025;46.774;88;1;1,8;37.419;1,6;2;85;0,3;39.545;42;-1,5;0;12
21/7/2025;46.774;88;1;1,8;37.419;1,6;2;85;0,3;39.545;42;-1,5;46.158;11
22/7/2025;46.774;88;1;1,8;37.419;1,6;2;85;0,3;39.545;42;-1,5;46.158;10
23/7/2025;46.774;88;1;1,8;37.419;1,6;2;85;0,3;39.545;42;-1,5;46.158;9
24/7/2025;46.774;88;1;1,8;37.419;1,6;2;85;0,3;39.545;42;-1,5;46.158;8
25/7/2025;46.774;88;1;1,8;37.419;1,6;2;85;0,3;39.545;42;-1,5;46.158;7
26/7/2025;46.774;88;1;1,8;37.419;1,6;2;85;0,3;39.545;42;-1,5;46.158;6
27/7/2025;46.774;88;1;1,8;37.419;1,6;2;85;0,3;39.545;42;-1,5;0;5
28/7/2025;46.774;88;1;1,8;37.419;1,6;2;85;0,3;39.545;42;-1,5;46.158;4
29/7/2025;46.774;88;1;1,8;37.419;1,6;2;85;0,3;39.545;42;-1,5;46.158;3
30/7/2025;46.774;88;1;1,8;37.419;1,6;2;85;0,3;39.545;42;-1,5;46.158;2
31/7/2025;46.774;88;1;1,8;37.419;1,6;2;85;0,3;39.545;42;-1,5;46.158;1
1/8/2025;46.774;88;1;1,8;37.419;1,6;2;88;0,3;12.879;40;-1,5;0;31
2/8/2025;46.774;88;1;1,8;37.419;1,6;2;88;0,3;25.778;40;-1,5;23.825;30
3/8/2025;46.774;88;1;1,8;37.419;1,6;2;88;0,3;38.667;40;-1,5;0;29
4/8/2025;46.774;88;1;1,8;37.419;1,6;2;88;0,3;38.667;40;-1,5;45.447;28
5/8/2025;46.774;88;1;1,8;37.419;1,6;2;88;0,3;38.667;40;-1,5;45.447;27
6/8/2025;46.774;88;1;1,8;37.419;1,6;2;88;0,3;38.667;40;-1,5;45.447;26
7/8/2025;46.774;88;1;1,8;37.419;1,6;2;88;0,3;38.667;40;-1,5;45.447;25
8/8/2025;46.774;88;1;1,8;37.419;1,6;2;88;0,3;38.667;40;-1,5;45.447;24
9/8/2025;46.774;88;1;1,8;37.419;1,6;2;88;0,3;38.667;40;-1,5;45.447;23
10/8/2025;46.774;88;1;1,8;37.419;1,6;2;88;0,3;38.667;40;-1,5;0;22
11/8/2025;46.774;88;1;1,8;37.419;1,6;2;88;0,3;38.667;40;-1,5;45.447;21
12/8/2025;46.774;88;1;1,8;37.419;1,6;2;88;0,3;38.667;40;-1,5;45.447;20
13/8/2025;46.774;88;1;1,8;37.419;1,6;2;88;0,3;38.667;40;-1,5;45.447;19
14/8/2025;46.774;88;1;1,8;37.419;1,6;2;88;0,3;38.667;40;-1,5;45.447;18
15/8/2025;46.774;88;1;1,8;37.419;1,6;2;88;0,3;38.667;40;-1,5;45.447;17
16/8/2025;46.774;88;1;1,8;37.419;1,6;2;88;0,3;38.667;40;-1,5;45.447;16
17/8/2025;46.774;88;1;1,8;37.419;1,6;2;88;0,3;38.667;40;-1,5;0;15
18/8/2025;46.774;88;1;1,8;37.419;1,6;2;88;0,3;38.667;40;-1,5;45.447;14
19/8/2025;46.774;88;1;1,8;37.419;1,6;2;88;0,3;38.667;40;-1,5;45.447;13
20/8/2025;46.774;88;1;1,8;37.419;1,6;2;88;0,3;38.667;40;-1,5;45.447;12
21/8/2025;46.774;88;1;1,8;37.419;1,6;2;88;0,3;38.667;40;-1,5;45.447;11
22/8/2025;46.774;88;1;1,8;37.419;1,6;2;88;0,3;38.667;40;-1,5;45.447;10
23/8/2025;46.774;88;1;1,8;37.419;1,6;2;88;0,3;38.667;40;-1,5;45.447;9
24/8/2025;46.774;88;1;1,8;37.419;1,6;2;88;0,3;38.667;40;-1,5;0;8
25/8/2025;46.774;88;1;1,8;37.419;1,6;2;88;0,3;38.667;40;-1,5;45.447;7
26/8/2025;46.774;88;1;1,8;37.419;1,6;2;88;0,3;38.667;40;-1,5;45.447;6
27/8/2025;46.774;88;1;1,8;37.419;1,6;2;88;0,3;38.667;40;-1,5;45.447;5
28/8/2025;46.774;88;1;1,8;37.419;1,6;2;88;0,3;38.667;40;-1,5;45.447;4
29/8/2025;46.774;88;1;1,8;37.419;1,6;2;88;0,3;38.667;40;-1,5;45.447;3
30/8/2025;46.774;88;1;1,8;37.419;1,6;2;88;0,3;38.667;40;-1,5;45.447;2
31/8/2025;46.780;88;1;1,8;37.430;1,6;2;88;0,3;38.667;40;-1,5;45.447;1
1/9/2025;46.458;88;1;1,8;37.157;1,6;2;88;0,3;0;40;-1,5;0;30
2/9/2025;46.458;88;1;1,8;37.167;1,6;2;88;0,3;38.448;40;-1,5;3.100;29
3/9/2025;46.458;88;1;1,8;37.167;1,6;2;88;0,3;38.448;40;-1,5;44.476;28
4/9/2025;46.458;88;1;1,8;37.167;1,6;2;88;0,3;38.448;40;-1,5;44.476;27
5/9/2025;46.458;88;1;1,8;37.167;1,6;2;88;0,3;38.448;40;-1,5;44.476;26
6/9/2025;46.458;88;1;1,8;37.167;1,6;2;88;0,3;38.448;40;-1,5;44.476;25
7/9/2025;46.458;88;1;1,8;37.167;1,6;2;88;0,3;38.448;40;-1,5;0;24
8/9/2025;46.458;88;1;1,8;37.167;1,6;2;88;0,3;38.448;40;-1,5;44.476;23
9/9/2025;46.458;88;1;1,8;37.167;1,6;2;88;0,3;38.448;40;-1,5;44.476;22
10/9/2025;46.458;88;1;1,8;37.167;1,6;2;88;0,3;38.448;40;-1,5;44.476;21
11/9/2025;46.458;88;1;1,8;37.167;1,6;2;88;0,3;38.448;40;-1,5;44.476;20
12/9/2025;46.458;88;1;1,8;37.167;1,6;2;88;0,3;38.448;40;-1,5;44.476;19
13/9/2025;46.458;88;1;1,8;37.167;1,6;2;88;0,3;38.448;40;-1,5;44.476;18
14/9/2025;46.458;88;1;1,8;37.167;1,6;2;88;0,3;38.448;40;-1,5;0;17
15/9/2025;46.458;88;1;1,8;37.167;1,6;2;88;0,3;38.448;40;-1,5;44.476;16
16/9/2025;46.458;88;1;1,8;37.167;1,6;2;88;0,3;38.448;40;-1,5;44.476;15
17/9/2025;46.458;88;1;1,8;37.167;1,6;2;88;0,3;38.448;40;-1,5;44.476;14
18/9/2025;46.458;88;1;1,8;37.167;1,6;2;88;0,3;38.448;40;-1,5;44.476;13
19/9/2025;46.458;88;1;1,8;37.167;1,6;2;88;0,3;38.448;40;-1,5;44.476;12
20/9/2025;46.458;88;1;1,8;37.167;1,6;2;88;0,3;38.448;40;-1,5;44.476;11
21/9/2025;46.458;88;1;1,8;37.167;1,6;2;88;0,3;38.448;40;-1,5;0;10
22/9/2025;46.458;88;1;1,8;37.167;1,6;2;88;0,3;38.448;40;-1,5;44.476;9
23/9/2025;46.458;88;1;1,8;37.167;1,6;2;88;0,3;38.448;40;-1,5;44.476;8
24/9/2025;46.458;88;1;1,8;37.167;1,6;2;88;0,3;38.448;40;-1,5;44.476;7
25/9/2025;46.458;88;1;1,8;37.167;1,6;2;88;0,3;38.448;40;-1,5;44.476;6
26/9/2025;46.458;88;1;1,8;37.167;1,6;2;88;0,3;38.448;40;-1,5;44.476;5
27/9/2025;46.458;88;1;1,8;37.167;1,6;2;88;0,3;38.448;40;-1,5;44.476;4
28/9/2025;46.458;88;1;1,8;37.167;1,6;2;88;0,3;38.448;40;-1,5;44.476;3
29/9/2025;46.458;88;1;1,8;37.167;1,6;2;88;0,3;38.448;40;-1,5;44.476;2
30/9/2025;46.458;88;1;1,8;37.167;1,6;2;88;0,3;38.456;40;-1,5;44.476;1
1/10/2025;46.458;88;1;1,8;37.157;1,6;2;88;0,3;12.670;40;-1,5;0;31
2/10/2025;46.458;88;1;1,8;37.167;1,6;2;88;0,3;38.011;40;-1,5;7.368;30
3/10/2025;46.458;88;1;1,8;37.167;1,6;2;88;0,3;38.011;40;-1,5;44.305;29
4/10/2025;46.458;88;1;1,8;37.167;1,6;2;88;0,3;38.011;40;-1,5;44.305;28
5/10/2025;46.458;88;1;1,8;37.167;1,6;2;88;0,3;38.011;40;-1,5;0;27
6/10/2025;46.458;88;1;1,8;37.167;1,6;2;88;0,3;38.011;40;-1,5;44.305;26
7/10/2025;46.458;88;1;1,8;37.167;1,6;2;88;0,3;38.011;40;-1,5;44.305;25
8/10/2025;46.458;88;1;1,8;37.167;1,6;2;88;0,3;38.011;40;-1,5;44.305;24
9/10/2025;46.458;88;1;1,8;37.167;1,6;2;88;0,3;38.011;40;-1,5;44.305;23
10/10/2025;46.458;88;1;1,8;37.167;1,6;2;88;0,3;38.011;40;-1,5;44.305;22
11/10/2025;46.458;88;1;1,8;37.167;1,6;2;88;0,3;38.011;40;-1,5;44.305;21
12/10/2025;46.458;88;1;1,8;37.167;1,6;2;88;0,3;38.011;40;-1,5;0;20
13/10/2025;46.458;88;1;1,8;37.167;1,6;2;88;0,3;38.011;40;-1,5;44.305;19
14/10/2025;46.458;88;1;1,8;37.167;1,6;2;88;0,3;38.011;40;-1,5;44.305;18
15/10/2025;46.458;88;1;1,8;37.167;1,6;2;88;0,3;38.011;40;-1,5;44.305;17
16/10/2025;46.458;88;1;1,8;37.167;1,6;2;88;0,3;38.011;40;-1,5;44.305;16
17/10/2025;46.458;88;1;1,8;37.167;1,6;2;88;0,3;38.011;40;-1,5;44.305;15
18/10/2025;46.458;88;1;1,8;37.167;1,6;2;88;0,3;38.011;40;-1,5;44.305;14
19/10/2025;0;88;1;1,8;0;1,6;2;88;0,3;0;40;-1,5;0;13
20/10/2025;46.458;88;1;1,8;37.167;1,6;2;88;0,3;38.011;40;-1,5;44.305;12
21/10/2025;46.458;88;1;1,8;37.167;1,6;2;88;0,3;38.011;40;-1,5;44.305;11
22/10/2025;46.458;88;1;1,8;37.167;1,6;2;88;0,3;38.011;40;-1,5;44.305;10
23/10/2025;46.458;88;1;1,8;37.167;1,6;2;88;0,3;38.011;40;-1,5;44.305;9
24/10/2025;46.458;88;1;1,8;37.167;1,6;2;88;0,3;38.011;40;-1,5;44.305;8
25/10/2025;46.458;88;1;1,8;37.167;1,6;2;88;0,3;38.011;40;-1,5;44.305;7
26/10/2025;46.458;88;1;1,8;37.167;1,6;2;88;0,3;38.011;40;-1,5;0;6
27/10/2025;46.458;88;1;1,8;37.167;1,6;2;88;0,3;38.011;40;-1,5;44.305;5
28/10/2025;46.458;88;1;1,8;37.167;1,6;2;88;0,3;38.011;40;-1,5;44.305;4
29/10/2025;46.458;88;1;1,8;37.167;1,6;2;88;0,3;38.011;40;-1,5;44.305;3
30/10/2025;46.458;88;1;1,8;37.167;1,6;2;88;0,3;38.011;40;-1,5;44.305;2
31/10/2025;46.468;88;1;1,8;37.167;1,6;2;88;0,3;38.022;40;-1,5;44.312;1
1/11/2025;47.083;88;1;1,8;37.667;1,6;2;88;0,3;12.841;40;-1,5;0;30
2/11/2025;47.083;88;1;1,8;37.667;1,6;2;88;0,3;38.475;40;-1,5;0;29
3/11/2025;47.083;88;1;1,8;37.667;1,6;2;88;0,3;38.523;40;-1,5;45.200;28
4/11/2025;47.083;88;1;1,8;37.667;1,6;2;88;0,3;38.523;40;-1,5;45.200;27
5/11/2025;47.083;88;1;1,8;37.667;1,6;2;88;0,3;38.523;40;-1,5;45.200;26
6/11/2025;47.083;88;1;1,8;37.667;1,6;2;88;0,3;38.523;40;-1,5;45.200;25
7/11/2025;47.083;88;1;1,8;37.667;1,6;2;88;0,3;38.523;40;-1,5;45.200;24
8/11/2025;47.083;88;1;1,8;37.667;1,6;2;88;0,3;38.523;40;-1,5;45.200;23
9/11/2025;47.083;88;1;1,8;37.667;1,6;2;88;0,3;38.523;40;-1,5;0;22
10/11/2025;47.083;88;1;1,8;37.667;1,6;2;88;0,3;38.523;40;-1,5;45.200;21
11/11/2025;47.083;88;1;1,8;37.667;1,6;2;88;0,3;38.523;40;-1,5;45.200;20
12/11/2025;47.083;88;1;1,8;37.667;1,6;2;88;0,3;38.523;40;-1,5;45.200;19
13/11/2025;47.083;88;1;1,8;37.667;1,6;2;88;0,3;38.523;40;-1,5;45.200;18
14/11/2025;47.083;88;1;1,8;37.667;1,6;2;88;0,3;38.523;40;-1,5;45.200;17
15/11/2025;47.083;88;1;1,8;37.667;1,6;2;88;0,3;38.523;40;-1,5;45.200;16
16/11/2025;47.083;88;1;1,8;37.667;1,6;2;88;0,3;38.523;40;-1,5;0;15
17/11/2025;47.083;88;1;1,8;37.667;1,6;2;88;0,3;38.523;40;-1,5;45.200;14
18/11/2025;47.083;88;1;1,8;37.667;1,6;2;88;0,3;38.523;40;-1,5;45.200;13
19/11/2025;47.083;88;1;1,8;37.667;1,6;2;88;0,3;38.523;40;-1,5;45.200;12
20/11/2025;47.083;88;1;1,8;37.667;1,6;2;88;0,3;38.523;40;-1,5;45.200;11
21/11/2025;47.083;88;1;1,8;37.667;1,6;2;88;0,3;38.523;40;-1,5;45.200;10
22/11/2025;47.083;88;1;1,8;37.667;1,6;2;88;0,3;38.523;40;-1,5;45.200;9
23/11/2025;47.083;88;1;1,8;37.667;1,6;2;88;0,3;38.523;40;-1,5;0;8
24/11/2025;47.083;88;1;1,8;37.667;1,6;2;88;0,3;38.523;40;-1,5;45.200;7
25/11/2025;47.083;88;1;1,8;37.667;1,6;2;88;0,3;38.523;40;-1,5;45.200;6
26/11/2025;47.083;88;1;1,8;37.667;1,6;2;88;0,3;38.523;40;-1,5;45.200;5
27/11/2025;47.083;88;1;1,8;37.667;1,6;2;88;0,3;38.523;40;-1,5;45.200;4
28/11/2025;47.083;88;1;1,8;37.667;1,6;2;88;0,3;38.523;40;-1,5;45.200;3
29/11/2025;47.083;88;1;1,8;37.667;1,6;2;88;0,3;38.523;40;-1,5;45.200;2
30/11/2025;47.093;88;1;1,8;37.657;1,6;2;88;0,3;38.563;40;-1,5;45.200;1
1/12/2025;46.875;88;1;1,8;37.500;1,6;2;88;0,3;25.424;40;-1,5;0;31
2/12/2025;46.875;88;1;1,8;37.500;1,6;2;88;0,3;38.136;40;-1,5;44.112;30
3/12/2025;46.875;88;1;1,8;37.500;1,6;2;88;0,3;38.136;40;-1,5;44.118;29
4/12/2025;46.875;88;1;1,8;37.500;1,6;2;88;0,3;38.136;40;-1,5;44.118;28
5/12/2025;46.875;88;1;1,8;37.500;1,6;2;88;0,3;38.136;40;-1,5;44.118;27
6/12/2025;46.875;88;1;1,8;37.500;1,6;2;88;0,3;38.136;40;-1,5;44.118;26
7/12/2025;46.875;88;1;1,8;37.500;1,6;2;88;0,3;38.136;40;-1,5;0;25
8/12/2025;46.875;88;1;1,8;37.500;1,6;2;88;0,3;38.136;40;-1,5;44.118;24
9/12/2025;46.875;88;1;1,8;37.500;1,6;2;88;0,3;38.136;40;-1,5;44.118;23
10/12/2025;46.875;88;1;1,8;37.500;1,6;2;88;0,3;38.136;40;-1,5;44.118;22
11/12/2025;46.875;88;1;1,8;37.500;1,6;2;88;0,3;38.136;40;-1,5;44.118;21
12/12/2025;46.875;88;1;1,8;37.500;1,6;2;88;0,3;38.136;40;-1,5;44.118;20
13/12/2025;46.875;88;1;1,8;37.500;1,6;2;88;0,3;38.136;40;-1,5;44.118;19
14/12/2025;46.875;88;1;1,8;37.500;1,6;2;88;0,3;38.136;40;-1,5;0;18
15/12/2025;46.875;88;1;1,8;37.500;1,6;2;88;0,3;38.136;40;-1,5;44.118;17
16/12/2025;46.875;88;1;1,8;37.500;1,6;2;88;0,3;38.136;40;-1,5;44.118;16
17/12/2025;46.875;88;1;1,8;37.500;1,6;2;88;0,3;38.136;40;-1,5;44.118;15
18/12/2025;46.875;88;1;1,8;37.500;1,6;2;88;0,3;38.136;40;-1,5;44.118;14
19/12/2025;46.875;88;1;1,8;37.500;1,6;2;88;0,3;38.136;40;-1,5;44.118;13
20/12/2025;46.875;88;1;1,8;37.500;1,6;2;88;0,3;38.128;40;-1,5;44.118;12
21/12/2025;0;88;1;1,8;0;1,6;2;88;0,3;0;40;-1,5;0;11
22/12/2025;0;88;1;1,8;0;1,6;2;88;0,3;0;40;-1,5;0;10
23/12/2025;0;88;1;1,8;0;1,6;2;88;0,3;0;40;-1,5;0;9
24/12/2025;0;88;1;1,8;0;1,6;2;88;0,3;0;40;-1,5;0;8
25/12/2025;0;88;1;1,8;0;1,6;2;88;0,3;0;40;-1,5;0;7
26/12/2025;0;88;1;1,8;0;1,6;2;88;0,3;0;40;-1,5;0;6
27/12/2025;0;88;1;1,8;0;1,6;2;88;0,3;0;40;-1,5;0;5
28/12/2025;0;88;1;1,8;0;1,6;2;88;0,3;0;40;-1,5;0;4
29/12/2025;0;88;1;1,8;0;1,6;2;88;0,3;0;40;-1,5;0;3
30/12/2025;0;88;1;1,8;0;1,6;2;88;0,3;0;40;-1,5;0;2
31/12/2025;0;88;1;1,8;0;1,6;2;88;0,3;0;40;-1,5;0;1
1/1/2026;0;88;1;1,8;0;1,6;2;88;0,3;0;40;-1,5;0;31
2/1/2026;0;88;1;1,8;0;1,6;2;88;0,3;0;40;-1,5;0;30
3/1/2026;0;88;1;1,8;0;1,6;2;88;0,3;0;40;-1,5;0;29
4/1/2026;0;88;1;1,8;0;1,6;2;88;0,3;0;40;-1,5;0;28
5/1/2026;0;88;1;1,8;0;1,6;2;88;0,3;0;40;-1,5;0;27
6/1/2026;0;88;1;1,8;0;1,6;2;88;0,3;0;40;-1,5;0;26
7/1/2026;0;88;1;1,8;0;1,6;2;88;0,3;0;40;-1,5;0;25
8/1/2026;0;88;1;1,8;0;1,6;2;88;0,3;0;40;-1,5;0;24
9/1/2026;0;88;1;1,8;0;1,6;2;88;0,3;0;40;-1,5;0;23
10/1/2026;0;88;1;1,8;0;1,6;2;88;0,3;0;40;-1,5;0;22
11/1/2026;0;88;1;1,8;0;1,6;2;88;0,3;0;40;-1,5;0;21
12/1/2026;20.000;88;1;1,8;12.000;1,6;2;88;0,3;0;40;-1,5;0;20
13/1/2026;20.000;88;1;1,8;12.000;1,6;2;88;0,3;0;40;-1,5;0;19
14/1/2026;20.000;88;1;1,8;12.000;1,6;2;88;0,3;20.000;40;-1,5;0;18
15/1/2026;20.000;88;1;1,8;12.000;1,6;2;88;0,3;20.000;40;-1,5;16.662;17
16/1/2026;20.000;88;1;1,8;12.000;1,6;2;88;0,3;20.000;40;-1,5;16.667;16
17/1/2026;20.000;88;1;1,8;12.000;1,6;2;88;0,3;20.000;40;-1,5;16.667;15
18/1/2026;0;88;1;1,8;0;1,6;2;88;0,3;0;40;-1,5;0;14
19/1/2026;43.652;88;1;1,8;36.769;1,6;2;88;0,3;36.154;40;-1,5;41.667;13
20/1/2026;43.654;88;1;1,8;36.769;1,6;2;88;0,3;36.154;40;-1,5;41.667;12
21/1/2026;43.654;88;1;1,8;36.769;1,6;2;88;0,3;36.154;40;-1,5;41.667;11
22/1/2026;43.654;88;1;1,8;36.769;1,6;2;88;0,3;36.154;40;-1,5;41.667;10
23/1/2026;43.654;88;1;1,8;36.769;1,6;2;88;0,3;36.154;40;-1,5;41.667;9
24/1/2026;43.654;88;1;1,8;36.769;1,6;2;88;0,3;36.154;40;-1,5;41.667;8
25/1/2026;43.654;88;1;1,8;36.769;1,6;2;88;0,3;36.154;40;-1,5;0;7
26/1/2026;43.654;88;1;1,8;36.769;1,6;2;88;0,3;36.154;40;-1,5;41.667;6
27/1/2026;43.654;88;1;1,8;36.769;1,6;2;88;0,3;36.154;40;-1,5;41.667;5
28/1/2026;43.654;88;1;1,8;36.769;1,6;2;88;0,3;36.154;40;-1,5;41.667;4
29/1/2026;43.654;88;1;1,8;36.769;1,6;2;88;0,3;36.154;40;-1,5;41.667;3
30/1/2026;43.654;88;1;1,8;36.769;1,6;2;88;0,3;36.154;40;-1,5;41.667;2
31/1/2026;43.654;88;1;1,8;36.772;1,6;2;88;0,3;36.152;40;-1,5;41.667;1
1/4/2026;44.828;88;1;1,8;35.862;1,6;2;88;0,3;0;0;0;0;30
2/4/2026;44.828;88;1;1,8;35.862;1,6;2;88;0,3;0;0;0;0;29
3/4/2026;0;88;1;1,8;0;1,6;2;88;0,3;0;0;0;0;28
4/4/2026;44.816;88;1;1,8;35.862;1,6;2;88;0,3;38.506;40;-1,5;0;27
5/4/2026;44.828;88;1;1,8;35.862;1,6;2;88;0,3;38.519;40;-1,5;0;26
6/4/2026;44.828;88;1;1,8;35.862;1,6;2;88;0,3;38.519;40;-1,5;47.267;25
7/4/2026;44.828;88;1;1,8;35.862;1,6;2;88;0,3;38.519;40;-1,5;47.273;24
8/4/2026;44.828;88;1;1,8;35.862;1,6;2;88;0,3;38.519;40;-1,5;47.273;23
9/4/2026;44.828;88;1;1,8;35.862;1,6;2;88;0,3;38.519;40;-1,5;47.273;22
10/4/2026;44.828;88;1;1,8;35.862;1,6;2;88;0,3;38.519;40;-1,5;47.273;21
11/4/2026;44.828;88;1;1,8;35.862;1,6;2;88;0,3;38.519;40;-1,5;47.273;20
12/4/2026;44.828;88;1;1,8;35.862;1,6;2;88;0,3;38.519;40;-1,5;0;19
13/4/2026;44.828;88;1;1,8;35.862;1,6;2;88;0,3;38.519;40;-1,5;47.273;18
14/4/2026;44.828;88;1;1,8;35.862;1,6;2;88;0,3;38.519;40;-1,5;47.273;17
15/4/2026;44.828;88;1;1,8;35.862;1,6;2;88;0,3;38.519;40;-1,5;47.273;16
16/4/2026;44.828;88;1;1,8;35.862;1,6;2;88;0,3;38.519;40;-1,5;47.273;15
17/4/2026;44.828;88;1;1,8;35.862;1,6;2;88;0,3;38.519;40;-1,5;47.273;14
18/4/2026;44.828;88;1;1,8;35.862;1,6;2;88;0,3;38.519;40;-1,5;47.273;13
19/4/2026;44.828;88;1;1,8;35.862;1,6;2;88;0,3;38.519;40;-1,5;0;12
20/4/2026;44.828;88;1;1,8;35.862;1,6;2;88;0,3;38.519;40;-1,5;47.273;11
21/4/2026;44.828;88;1;1,8;35.862;1,6;2;88;0,3;38.519;40;-1,5;47.273;10
22/4/2026;44.828;88;1;1,8;35.862;1,6;2;88;0,3;38.519;40;-1,5;47.273;9
23/4/2026;44.828;88;1;1,8;35.862;1,6;2;88;0,3;38.519;40;-1,5;47.273;8
24/4/2026;44.828;88;1;1,8;35.862;1,6;2;88;0,3;38.519;40;-1,5;47.273;7
25/4/2026;44.828;88;1;1,8;35.862;1,6;2;88;0,3;38.519;40;-1,5;47.273;6
26/4/2026;44.828;88;1;1,8;35.862;1,6;2;88;0,3;38.519;40;-1,5;0;5
27/4/2026;44.828;88;1;1,8;35.862;1,6;2;88;0,3;38.519;40;-1,5;47.273;4
28/4/2026;44.828;88;1;1,8;35.862;1,6;2;88;0,3;38.519;40;-1,5;47.273;3
29/4/2026;44.828;88;1;1,8;35.862;1,6;2;88;0,3;38.519;40;-1,5;47.273;2
30/4/2026;44.828;88;1;1,8;35.864;1,6;2;88;0,3;38.519;40;-1,5;47.273;1
1/5/2026;0;88;1;1,8;0;1,6;2;88;0,3;0;40;-1,5;0;31
2/5/2026;45.833;88;1;1,8;36.657;1,6;2;88;0,3;12.791;40;-1,5;0;30
3/5/2026;45.833;88;1;1,8;36.667;1,6;2;88;0,3;38.372;40;-1,5;0;29
4/5/2026;45.833;88;1;1,8;36.667;1,6;2;88;0,3;12.791;40;-1,5;44.000;28
5/5/2026;45.833;88;1;1,8;36.667;1,6;2;88;0,3;38.372;40;-1,5;44.000;27
6/5/2026;45.833;88;1;1,8;36.667;1,6;2;88;0,3;38.372;40;-1,5;44.000;26
7/5/2026;45.833;88;1;1,8;36.667;1,6;2;88;0,3;38.372;40;-1,5;44.000;25
8/5/2026;45.833;88;1;1,8;36.667;1,6;2;88;0,3;38.372;40;-1,5;44.000;24
9/5/2026;45.833;88;1;1,8;36.667;1,6;2;88;0,3;38.372;40;-1,5;44.000;23
10/5/2026;45.833;88;1;1,8;36.667;1,6;2;88;0,3;38.372;40;-1,5;0;22
11/5/2026;45.833;88;1;1,8;36.667;1,6;2;88;0,3;38.372;40;-1,5;44.000;21
12/5/2026;45.833;88;1;1,8;36.667;1,6;2;88;0,3;38.372;40;-1,5;44.000;20
13/5/2026;45.833;88;1;1,8;36.667;1,6;2;88;0,3;38.372;40;-1,5;44.000;19
14/5/2026;45.833;88;1;1,8;36.667;1,6;2;88;0,3;38.372;40;-1,5;44.000;18
15/5/2026;45.833;88;1;1,8;36.667;1,6;2;88;0,3;38.372;40;-1,5;44.000;17
16/5/2026;45.833;88;1;1,8;36.667;1,6;2;88;0,3;38.372;40;-1,5;44.000;16
17/5/2026;45.833;88;1;1,8;36.667;1,6;2;88;0,3;38.372;40;-1,5;0;15
18/5/2026;45.833;88;1;1,8;36.667;1,6;2;88;0,3;38.372;40;-1,5;44.000;14
19/5/2026;45.833;88;1;1,8;36.667;1,6;2;88;0,3;38.372;40;-1,5;44.000;13
20/5/2026;45.833;88;1;1,8;36.667;1,6;2;88;0,3;38.372;40;-1,5;44.000;12
21/5/2026;45.833;88;1;1,8;36.667;1,6;2;88;0,3;38.372;40;-1,5;44.000;11
22/5/2026;45.833;88;1;1,8;36.667;1,6;2;88;0,3;38.372;40;-1,5;44.000;10
23/5/2026;45.833;88;1;1,8;36.667;1,6;2;88;0,3;38.372;40;-1,5;44.000;9
24/5/2026;45.833;88;1;1,8;36.667;1,6;2;88;0,3;38.372;40;-1,5;0;8
25/5/2026;45.833;88;1;1,8;36.667;1,6;2;88;0,3;38.372;40;-1,5;44.000;7
26/5/2026;45.833;88;1;1,8;36.667;1,6;2;88;0,3;38.372;40;-1,5;44.000;6
27/5/2026;45.833;88;1;1,8;36.667;1,6;2;88;0,3;38.372;40;-1,5;44.000;5
28/5/2026;45.833;88;1;1,8;36.667;1,6;2;88;0,3;38.372;40;-1,5;44.000;4
29/5/2026;45.833;88;1;1,8;36.667;1,6;2;88;0,3;38.372;40;-1,5;44.000;3
30/5/2026;45.833;88;1;1,8;36.667;1,6;2;88;0,3;38.372;40;-1,5;44.000;2
31/5/2026;45.842;88;1;1,8;36.667;1,6;2;88;0,3;38.374;40;-1,5;44.000;1
1/6/2026;45.833;88;1;1,8;36.667;1,6;2;88;0,3;0;40;-1,5;0;30
2/6/2026;45.833;88;1;1,8;36.667;1,6;2;88;0,3;37.931;40;-1,5;0;29
3/6/2026;45.833;88;1;1,8;36.667;1,6;2;88;0,3;37.931;40;-1,5;44.000;28
4/6/2026;45.833;88;1;1,8;36.667;1,6;2;88;0,3;37.931;40;-1,5;44.000;27
5/6/2026;45.833;88;1;1,8;36.667;1,6;2;88;0,3;37.931;40;-1,5;44.000;26
6/6/2026;45.833;88;1;1,8;36.667;1,6;2;88;0,3;37.931;40;-1,5;44.000;25
7/6/2026;45.833;88;1;1,8;36.667;1,6;2;88;0,3;37.931;40;-1,5;0;24
8/6/2026;45.833;88;1;1,8;36.667;1,6;2;88;0,3;37.931;40;-1,5;44.000;23
9/6/2026;45.833;88;1;1,8;36.667;1,6;2;88;0,3;37.931;40;-1,5;44.000;22
10/6/2026;45.833;88;1;1,8;36.667;1,6;2;88;0,3;37.931;40;-1,5;44.000;21
11/6/2026;45.833;88;1;1,8;36.667;1,6;2;88;0,3;37.931;40;-1,5;44.000;20
12/6/2026;45.833;88;1;1,8;36.667;1,6;2;88;0,3;37.931;40;-1,5;44.000;19
13/6/2026;45.833;88;1;1,8;36.667;1,6;2;88;0,3;37.931;40;-1,5;44.000;18
14/6/2026;45.833;88;1;1,8;36.667;1,6;2;88;0,3;37.931;40;-1,5;0;17
15/6/2026;45.833;88;1;1,8;36.667;1,6;2;88;0,3;37.931;40;-1,5;44.000;16
16/6/2026;45.833;88;1;1,8;36.667;1,6;2;88;0,3;37.931;40;-1,5;44.000;15
17/6/2026;45.833;88;1;1,8;36.667;1,6;2;88;0,3;37.931;40;-1,5;44.000;14
18/6/2026;45.833;88;1;1,8;36.667;1,6;2;88;0,3;37.931;40;-1,5;44.000;13
19/6/2026;45.833;88;1;1,8;36.667;1,6;2;88;0,3;37.931;40;-1,5;44.000;12
20/6/2026;45.833;88;1;1,8;36.667;1,6;2;88;0,3;37.931;40;-1,5;44.000;11
21/6/2026;45.833;88;1;1,8;36.667;1,6;2;88;0,3;37.931;40;-1,5;0;10
22/6/2026;45.833;88;1;1,8;36.667;1,6;2;88;0,3;37.931;40;-1,5;44.000;9
23/6/2026;45.833;88;1;1,8;36.667;1,6;2;88;0,3;37.931;40;-1,5;44.000;8
24/6/2026;45.833;88;1;1,8;36.667;1,6;2;88;0,3;37.931;40;-1,5;44.000;7
25/6/2026;45.833;88;1;1,8;36.667;1,6;2;88;0,3;37.931;40;-1,5;44.000;6
26/6/2026;45.833;88;1;1,8;36.667;1,6;2;88;0,3;37.931;40;-1,5;44.000;5
27/6/2026;45.833;88;1;1,8;36.667;1,6;2;88;0,3;37.931;40;-1,5;44.000;4
28/6/2026;45.833;88;1;1,8;36.667;1,6;2;88;0,3;37.931;40;-1,5;44.000;3
29/6/2026;45.833;88;1;1,8;36.667;1,6;2;88;0,3;37.931;40;-1,5;44.000;2
30/6/2026;45.843;88;1;1,8;36.657;1,6;2;88;0,3;37.932;40;-1,5;44.000;1
1/7/2026;44.355;85;1;1,8;35.484;1,6;2;88;0,3;12.020;40;-1,5;0;31
2/7/2026;44.355;85;1;1,8;35.484;1,6;2;88;0,3;36.266;40;-1,5;22.000;30
3/7/2026;44.355;85;1;1,8;35.484;1,6;2;88;0,3;36.266;40;-1,5;43.120;29
4/7/2026;44.355;85;1;1,8;35.484;1,6;2;88;0,3;36.266;40;-1,5;43.120;28
5/7/2026;44.355;85;1;1,8;35.484;1,6;2;88;0,3;36.266;40;-1,5;0;27
6/7/2026;44.355;85;1;1,8;35.484;1,6;2;88;0,3;36.266;40;-1,5;43.120;26
7/7/2026;44.355;85;1;1,8;35.484;1,6;2;88;0,3;36.266;40;-1,5;43.120;25
8/7/2026;44.355;85;1;1,8;35.484;1,6;2;88;0,3;36.266;40;-1,5;43.120;24
9/7/2026;44.355;85;1;1,8;35.484;1,6;2;88;0,3;36.266;40;-1,5;43.120;23
10/7/2026;44.355;85;1;1,8;35.484;1,6;2;88;0,3;36.266;40;-1,5;43.120;22
11/7/2026;44.355;85;1;1,8;35.484;1,6;2;88;0,3;36.266;40;-1,5;43.120;21
12/7/2026;44.355;85;1;1,8;35.484;1,6;2;88;0,3;36.266;40;-1,5;0;20
13/7/2026;44.355;85;1;1,8;35.484;1,6;2;88;0,3;36.266;40;-1,5;43.120;19
14/7/2026;44.355;85;1;1,8;35.484;1,6;2;88;0,3;36.266;40;-1,5;43.120;18
15/7/2026;44.355;85;1;1,8;35.484;1,6;2;88;0,3;36.266;40;-1,5;43.120;17
16/7/2026;44.355;85;1;1,8;35.484;1,6;2;88;0,3;36.266;40;-1,5;43.120;16
17/7/2026;44.355;85;1;1,8;35.484;1,6;2;88;0,3;36.266;40;-1,5;43.120;15
18/7/2026;44.355;85;1;1,8;35.484;1,6;2;88;0,3;36.266;40;-1,5;43.120;14
19/7/2026;44.355;85;1;1,8;35.484;1,6;2;88;0,3;36.266;40;-1,5;0;13
20/7/2026;44.355;85;1;1,8;35.484;1,6;2;88;0,3;36.266;40;-1,5;43.120;12
21/7/2026;44.355;85;1;1,8;35.484;1,6;2;88;0,3;36.266;40;-1,5;43.120;11
22/7/2026;44.355;85;1;1,8;35.484;1,6;2;88;0,3;36.266;40;-1,5;43.120;10
23/7/2026;44.355;85;1;1,8;35.484;1,6;2;88;0,3;36.266;40;-1,5;43.120;9
24/7/2026;44.355;85;1;1,8;35.484;1,6;2;88;0,3;36.266;40;-1,5;43.120;8
25/7/2026;44.355;85;1;1,8;35.484;1,6;2;88;0,3;36.266;40;-1,5;43.120;7
26/7/2026;44.355;85;1;1,8;35.484;1,6;2;88;0,3;36.266;40;-1,5;0;6
27/7/2026;44.355;85;1;1,8;35.484;1,6;2;88;0,3;36.266;40;-1,5;43.120;5
28/7/2026;44.355;85;1;1,8;35.484;1,6;2;88;0,3;36.266;40;-1,5;43.120;4
29/7/2026;44.355;85;1;1,8;35.484;1,6;2;88;0,3;36.266;40;-1,5;43.120;3
30/7/2026;44.355;85;1;1,8;35.484;1,6;2;88;0,3;36.266;40;-1,5;43.120;2
31/7/2026;44.350;85;1;1,8;35.480;1,6;2;88;0,3;36.266;40;-1,5;43.120;1
