FILIAL,PROCESSO,PARTIDA,ARTIGO,COR,DESC_NM_MERC,MT_DISPONIV,DT_PROD,NUM_FIOS,FLANGE,LADO,MAQUINA,STATUS,URDUME,MT_PREVISTA,MT_A_BATER,MT_PROX24H,BATIDAS,RPM,EFIC_TA,EFIC_TB,EFIC_TC,EFIC_DIA,ART_PROGR,NM_MERC_PROG,COR_PG,URDUME_PRO,GRUPO_TEAR,REPROCESSO,LARGURA,TRAMA_REDUZIDA_1,TRAMA_REDUZIDA_2,DATA FINAL TECEL,HORA_FINAL_TECEL,TURNO_FINAL_TECE,HORA_FINAL_TECEL_V2,OBS ACABAMENTO,COD MOT REP,MOTIVO REPROCESSO,OBS REPROCESSO
5,URDIDEIRA,0544901,U10/1F-340000,000,URDUME,"55.000,00",05/02/2026,340,50011,U,15001,,,"0,00","0,00","0,00",,0,"0,00","0,00","0,00","0,00", , , , ,0,,0,,,, , , ,,,,
5,URDIDEIRA,0544902,U10/1F-340000,000,URDUME,"55.000,00",05/02/2026,340,50004,U,15001,,,"0,00","0,00","0,00",,0,"0,00","0,00","0,00","0,00", , , , ,0,,0,,,, , , ,,,,
5,URDIDEIRA,0544903,U10/1F-340000,000,URDUME,"55.000,00",05/02/2026,340,50033,U,15001,,,"0,00","0,00","0,00",,0,"0,00","0,00","0,00","0,00", , , , ,0,,0,,,, , , ,,,,
5,URDIDEIRA,0544904,U10/1F-340000,000,URDUME,"55.000,00",05/02/2026,340,50010,U,15001,,,"0,00","0,00","0,00",,0,"0,00","0,00","0,00","0,00", , , , ,0,,0,,,, , , ,,,,
5,URDIDEIRA,0544905,U10/1F-340000,000,URDUME,"55.000,00",05/02/2026,340,50026,U,15001,,,"0,00","0,00","0,00",,0,"0,00","0,00","0,00","0,00", , , , ,0,,0,,,, , , ,,,,
5,URDIDEIRA,0544906,U10/1F-340000,000,URDUME,"55.000,00",05/02/2026,340,50041,U,15001,,,"0,00","0,00","0,00",,0,"0,00","0,00","0,00","0,00", , , , ,0,,0,,,, , , ,,,,
5,URDIDEIRA,0544907,U10/1F-340000,000,URDUME,"55.000,00",06/02/2026,340,50025,U,15001,,,"0,00","0,00","0,00",,0,"0,00","0,00","0,00","0,00", , , , ,0,,0,,,, , , ,,,,
5,URDIDEIRA,0544908,U10/1-340 000,000,URDUME,"55.000,00",06/02/2026,340,50013,U,15001,,,"0,00","0,00","0,00",,0,"0,00","0,00","0,00","0,00", , , , ,0,,0,,,, , , ,,,,
5,URDIDEIRA,0544909,U10/1-340 000,000,URDUME,"55.000,00",06/02/2026,340,50015,U,15001,,,"0,00","0,00","0,00",,0,"0,00","0,00","0,00","0,00", , , , ,0,,0,,,, , , ,,,,
5,URDIDEIRA,0544910,U10/1-340 000,000,URDUME,"55.000,00",06/02/2026,340,50024,U,15001,,,"0,00","0,00","0,00",,0,"0,00","0,00","0,00","0,00", , , , ,0,,0,,,, , , ,,,,
5,URDIDEIRA,0544911,U10/1-340 000,000,URDUME,"55.000,00",06/02/2026,340,50007,U,15001,,,"0,00","0,00","0,00",,0,"0,00","0,00","0,00","0,00", , , , ,0,,0,,,, , , ,,,,
5,URDIDEIRA,0544912,U10/1-340 000,000,URDUME,"55.000,00",06/02/2026,340,50021,U,15001,,,"0,00","0,00","0,00",,0,"0,00","0,00","0,00","0,00", , , , ,0,,0,,,, , , ,,,,
5,URDIDEIRA,0544913,U10/1-340 000,000,URDUME,"55.000,00",06/02/2026,340,50036,U,15001,,,"0,00","0,00","0,00",,0,"0,00","0,00","0,00","0,00", , , , ,0,,0,,,, , , ,,,,
5,URDIDEIRA,0544914,U10/1-340 000,000,URDUME,"55.000,00",06/02/2026,340,50032,U,15001,,,"0,00","0,00","0,00",,0,"0,00","0,00","0,00","0,00", , , , ,0,,0,,,, , , ,,,,
5,URDIDEIRA,0545001,U10/1-340 000,000,URDUME,"55.000,00",06/02/2026,340,50006,U,15001,,,"0,00","0,00","0,00",,0,"0,00","0,00","0,00","0,00", , , , ,0,,0,,,, , , ,,,,
5,URDIDEIRA,0545002,U10/1-340 000,000,URDUME,"55.000,00",06/02/2026,340,50031,U,15001,,,"0,00","0,00","0,00",,0,"0,00","0,00","0,00","0,00", , , , ,0,,0,,,, , , ,,,,
5,URDIDEIRA,0545003,U10/1-340 000,000,URDUME,"55.000,00",06/02/2026,340,50005,U,15001,,,"0,00","0,00","0,00",,0,"0,00","0,00","0,00","0,00", , , , ,0,,0,,,, , , ,,,,
5,URDIDEIRA,0545004,U10/1-340 000,000,URDUME,"55.000,00",07/02/2026,340,50038,U,15001,,,"0,00","0,00","0,00",,0,"0,00","0,00","0,00","0,00", , , , ,0,,0,,,, , , ,,,,
5,URDIDEIRA,0545005,U10/1-340 000,000,URDUME,"55.000,00",07/02/2026,340,50020,U,15001,,,"0,00","0,00","0,00",,0,"0,00","0,00","0,00","0,00", , , , ,0,,0,,,, , , ,,,,
5,URDIDEIRA,0545006,U10/1-340 000,000,URDUME,"55.000,00",07/02/2026,340,50012,U,15001,,,"0,00","0,00","0,00",,0,"0,00","0,00","0,00","0,00", , , , ,0,,0,,,, , , ,,,,
5,URDIDEIRA,0545007,U10/1-340 000,000,URDUME,"55.000,00",07/02/2026,340,50009,U,15001,,,"0,00","0,00","0,00",,0,"0,00","0,00","0,00","0,00", , , , ,0,,0,,,, , , ,,,,
5,URDIDEIRA,0545008,U10/1-340 000,000,URDUME,"55.000,00",07/02/2026,340,50014,U,15001,,,"0,00","0,00","0,00",,0,"0,00","0,00","0,00","0,00", , , , ,0,,0,,,, , , ,,,,
5,URDIDEIRA,0545009,U10/1-340 000,000,URDUME,"55.000,00",07/02/2026,340,50008,U,15001,,,"0,00","0,00","0,00",,0,"0,00","0,00","0,00","0,00", , , , ,0,,0,,,, , , ,,,,
5,URDIDEIRA,0545010,U10/1-340 000,000,URDUME,"55.000,00",07/02/2026,340,50027,U,15001,,,"0,00","0,00","0,00",,0,"0,00","0,00","0,00","0,00", , , , ,0,,0,,,, , , ,,,,
5,INDIGO,0544713,U12.5-4760560,560,URDUME,"1.100,00",05/02/2026,4760,55002,D,25001,N,,"0,00","0,00","0,00",,0,"0,00","0,00","0,00","0,00", , , , ,0,,0,,,, , , ,,,,
5,INDIGO,0544714,U12.5-4760560,560,URDUME,"600,00",05/02/2026,4760,55058,D,25001,P,,"0,00","0,00","0,00",,0,"0,00","0,00","0,00","0,00", , , , ,0,,0,,,, , , ,,,,
5,INDIGO,0544724,U12.5-4760560,560,URDUME,"1.311,00",06/02/2026,4760,55110,D,25001,P,,"0,00","0,00","0,00",,0,"0,00","0,00","0,00","0,00", , , , ,0,,0,,,, , , ,,,,
5,INDIGO,0544805,U12.5-5696560,560,URDUME,"370,00",06/02/2026,5696,55082,D,25001,N,,"0,00","0,00","0,00",,0,"0,00","0,00","0,00","0,00", , , , ,0,,0,,,, , , ,,,,
5,INDIGO,0544819,U12.5-5696560,560,URDUME,"2.000,00",07/02/2026,5696,55072,D,25001,P,,"0,00","0,00","0,00",,0,"0,00","0,00","0,00","0,00", , , , ,0,,0,,,, , , ,,,,
5,INDIGO,0544820,U12.5-5696560,560,URDUME,"2.000,00",07/02/2026,5696,55097,D,25001,N,,"0,00","0,00","0,00",,0,"0,00","0,00","0,00","0,00", , , , ,0,,0,,,, , , ,,,,
5,INDIGO,0544821,U12.5-5696560,560,URDUME,"2.000,00",07/02/2026,5696,55071,D,25001,N,,"0,00","0,00","0,00",,0,"0,00","0,00","0,00","0,00", , , , ,0,,0,,,, , , ,,,,
5,INDIGO,0544822,U12.5-5696560,560,URDUME,"2.000,00",07/02/2026,5696,55036,D,25001,N,,"0,00","0,00","0,00",,0,"0,00","0,00","0,00","0,00", , , , ,0,,0,,,, , , ,,,,
5,INDIGO,0544823,U12.5-5696560,560,URDUME,"2.400,00",07/02/2026,5696,55194,D,25001,N,,"0,00","0,00","0,00",,0,"0,00","0,00","0,00","0,00", , , , ,0,,0,,,, , , ,,,,
5,INDIGO,0544824,U12.5-5696560,560,URDUME,"1.800,00",07/02/2026,5696,55093,D,25001,N,,"0,00","0,00","0,00",,0,"0,00","0,00","0,00","0,00", , , , ,0,,0,,,, , , ,,,,
5,INDIGO,0544825,U12.5-5696560,560,URDUME,"2.000,00",07/02/2026,5696,55134,D,25001,P,,"0,00","0,00","0,00",,0,"0,00","0,00","0,00","0,00", , , , ,0,,0,,,, , , ,,,,
5,INDIGO,0544826,U12.5-5696560,560,URDUME,"550,00",07/02/2026,5696,55092,D,25001,N,,"0,00","0,00","0,00",,0,"0,00","0,00","0,00","0,00", , , , ,0,,0,,,, , , ,,,,
5,INDIGO,0544827,U12.5-5696560,560,URDUME,"1.777,00",07/02/2026,5696,55167,D,25001,P,,"0,00","0,00","0,00",,0,"0,00","0,00","0,00","0,00", , , , ,0,,0,,,, , , ,,,,
5,INDIGO,0544828,U12.5-5696560,560,URDUME,"2.000,00",07/02/2026,5696,55101,D,25001,N,,"0,00","0,00","0,00",,0,"0,00","0,00","0,00","0,00", , , , ,0,,0,,,, , , ,,,,
5,INDIGO,0544829,U12.5-5696560,560,URDUME,"2.000,00",07/02/2026,5696,55118,D,25001,N,,"0,00","0,00","0,00",,0,"0,00","0,00","0,00","0,00", , , , ,0,,0,,,, , , ,,,,
5,INDIGO,0544830,U12.5-5696560,560,URDUME,"2.500,00",07/02/2026,5696,55060,D,25001,N,,"0,00","0,00","0,00",,0,"0,00","0,00","0,00","0,00", , , , ,0,,0,,,, , , ,,,,
5,INDIGO,1544426,U12.5-5696560,560,URDUME,"900,00",02/02/2026,5696,55115,D,25001,P,,"0,00","0,00","0,00",,0,"0,00","0,00","0,00","0,00", , , , ,0,,0,,,, , , ,,,,
5,INDIGO,0544503,10+10F4760561,561,URDUME,"818,00",02/02/2026,4760,55069,D,25001,P,,"0,00","0,00","0,00",,0,"0,00","0,00","0,00","0,00", , , , ,0,,0,,,, , , ,,,,
5,INDIGO,0544521,10+10F4760561,561,URDUME,"1.700,00",03/02/2026,4760,55018,D,25001,P,,"0,00","0,00","0,00",,0,"0,00","0,00","0,00","0,00", , , , ,0,,0,,,, , , ,,,,
5,INDIGO,1544504,10+10F4760561,561,URDUME,"840,32",02/02/2026,4760,55001,D,25001,P,,"0,00","0,00","0,00",,0,"0,00","0,00","0,00","0,00", , , , ,0,,0,,,, , , ,,,,
5,INDIGO,1544507,10+10F4760561,561,URDUME,"802,16",02/02/2026,4760,55025,D,25001,N,,"0,00","0,00","0,00",,0,"0,00","0,00","0,00","0,00", , , , ,0,,0,,,, , , ,,,,
5,INDIGO,1544515,10+10F4760561,561,URDUME,"669,23",03/02/2026,4760,55061,D,25001,P,,"0,00","0,00","0,00",,0,"0,00","0,00","0,00","0,00", , , , ,0,,0,,,, , , ,,,,
FILIAL,PROCESSO,PARTIDA,ARTIGO,COR,DESC_NM_MERC,MT_DISPONIV,DT_PROD,NUM_FIOS,FLANGE,LADO,MAQUINA,STATUS,URDUME,MT_PREVISTA,MT_A_BATER,MT_PROX24H,BATIDAS,RPM,EFIC_TA,EFIC_TB,EFIC_TC,EFIC_DIA,ART_PROGR,NM_MERC_PROG,COR_PG,URDUME_PRO,GRUPO_TEAR,REPROCESSO,LARGURA,TRAMA_REDUZIDA_1,TRAMA_REDUZIDA_2,DATA FINAL TECEL,HORA_FINAL_TECEL,TURNO_FINAL_TECE,HORA_FINAL_TECEL_V2,OBS ACABAMENTO,COD MOT REP,MOTIVO REPROCESSO,OBS REPROCESSO
5,INDIGO,2544513,10+10F4760561,561,URDUME,"1.210,70",03/02/2026,4760,55054,D,25001,N,,"0,00","0,00","0,00",,0,"0,00","0,00","0,00","0,00", , , , ,0,,0,,,, , , ,,,,
5,TECELAGEM,0544718,AI310906V5560,560,CAPRI,"301,25",,4760,55187, ,35001,N,U12.5-4760560,"2.300,00","1.998,75","510,30",16,750,"58,06","60,00","80,00","65,96",,,,,5, ,165,9/1 OE,,10/02/2026,1257,A,12:57,, , , 
5,TECELAGEM,0544705,AI310906V5560,560,CAPRI,"888,13",,4760,55091, ,35002,N,U12.5-4760560,"2.300,00","1.411,87","510,30",16,750,"70,56","81,11","19,44","56,98",AF311006E5561,ICON IV,561,10+10F4760561,5, ,165,9/1 OE,,09/02/2026,1346,A,13:46,, , , 
5,TECELAGEM,0544720,AI310906V5560,560,CAPRI,"357,51",,4760,55076, ,35003,N,U12.5-4760560,"2.300,00","1.942,49","510,30",16,750,"2,50","65,48","91,23","53,35",,,,,5, ,165,9/1 OE,,10/02/2026,1044,A,10:44,, , , 
5,TECELAGEM,0544708,AI310906V5560,560,CAPRI,"969,38",,4760,55189, ,35004,N,U12.5-4760560,"2.300,00","1.330,62","510,30",16,750,"65,83","97,22","90,00","84,35",,,,,5, ,165,9/1 OE,,09/02/2026,1034,A,10:34,, , , 
5,TECELAGEM,0544420,YIC20950C5561C,561C,STOMP II,"2.134,90",,5696,55031, ,35005,P,U12.5-5696560,"2.340,00","205,10","409,84",23.5,835,"69,85","33,92","80,65","61,42",YIC20951C5561,INFLUX,561C,U12.5-5696560,6, ,137,167/96F BCO + 40DN E:2.9 (STL),,07/02/2026,1641,B,16:41,, , , 
5,TECELAGEM,0544419,YIC20950C5561C,561C,STOMP II,"2.006,82",,5696,55121, ,35006,P,U12.5-5696560,"2.340,00","333,18","409,84",23.5,835,"61,60","81,55","85,04","76,00",,,,,6, ,137,167/96F BCO + 40DN E:2.9 (STL),,07/02/2026,2321,C,23:21,, , , 
5,TECELAGEM,0544810,YIC20951C5561C,561C,INFLUX,"188,51",,5696,55132, ,35007,N,U12.5-5696560,"2.340,00","2.151,49","409,84",23.5,835,"0,00","18,75","92,00","55,38",,,,,6, ,139,166/48F NGO + 40D E:2.6 (STL),,11/02/2026,2207,C,22:07,, , , 
5,TECELAGEM,0544811,YIC20951C5561C,561C,INFLUX,"147,23",,5696,55033, ,35008,N,U12.5-5696560,"2.340,00","2.192,77","409,84",23.5,835,"69,58","36,41","84,50","63,53",,,,,6, ,139,166/48F NGO + 40D E:2.6 (STL),,12/02/2026,0016,C,00:16,, , , 
5,TECELAGEM,0544719,AI310906V5560,560,CAPRI,"161,88",,4760,55042, ,35009,N,U12.5-4760560,"2.300,00","2.138,12","510,30",16,750,"41,67","55,00","71,94","56,20",,,,,5, ,165,9/1 OE,,10/02/2026,1828,B,18:28,, , , 
5,TECELAGEM,0544706,AI310906V5560,560,CAPRI,"500,00",,4760,55080, ,35010,N,U12.5-4760560,"2.346,00","1.846,00","510,30",16,750,"35,08","91,74","93,66","73,53",AF311006E5561,ICON IV,561,10+10F4760561,5, ,165,9/1 OE,,10/02/2026,0655,A,06:55,, , , 
5,TECELAGEM,0544710,AI310906V5560,560,CAPRI,"970,64",,4760,55193, ,35011,N,U12.5-4760560,"2.300,00","1.329,36","510,30",16,750,"67,39","92,55","98,14","86,11",,,,,5, ,165,9/1 OE,,09/02/2026,1031,A,10:31,, , , 
5,TECELAGEM,0544619,AI311102G5561,561,WARDEN II,"1.469,28",,4760,55176, ,35012,P,U10/1-4760561,"2.300,00","830,72","579,73",14,750,"57,10","79,11","84,12","73,44",AF311006E5561,ICON IV,561,10+10F4760561,5, ,169,7/1 OE,,08/02/2026,1043,A,10:43,, , , 
5,TECELAGEM,0544815,YIC20951C5561C,561C,INFLUX,"0,00",,5696,55059, ,35013,P,U12.5-5696560,"1.872,00","1.872,00","409,84",23.5,835,"58,00","81,50","72,50","70,61",,,,,6, ,139,166/48F NGO + 40D E:2.6 (STL),,11/02/2026,0803,A,08:03,, , , 
5,TECELAGEM,0544423,YIC20950C5561C,561C,STOMP II,"2.222,97",,5696,55107, ,35014,N,U12.5-5696560,"2.340,00","117,03","409,84",23.5,835,"69,83","81,30","91,02","80,78",YIC20951C5561,INFLUX,561C,U12.5-5696560,6, ,137,167/96F BCO + 40DN E:2.9 (STL),,07/02/2026,1206,A,12:06,, , , 
5,TECELAGEM,0544812,YIC20951C5561C,561C,INFLUX,"94,04",,5696,55185, ,35015,N,U12.5-5696560,"2.340,00","2.245,96","409,84",23.5,835,"0,00","0,00","71,99","71,75",,,,,6, ,139,166/48F NGO + 40D E:2.6 (STL),,12/02/2026,0303,C,03:03,, , , 
5,TECELAGEM,0544817,YIC20951C5561C,561C,INFLUX,"0,00",,5696,55027, ,35016,N,U12.5-5696560,"1.872,00","1.872,00","409,84",23.5,835,"69,17","94,49","89,22","84,29",,,,,6, ,139,166/48F NGO + 40D E:2.6 (STL),,11/02/2026,1333,A,13:33,, , , 
5,TECELAGEM,0544609,YI310847G5561,561,LUCY A,"1.486,11",,4760,55117, ,35017,N,U10/1-4760561,"2.325,00","838,89","464,40",18,750,"61,84","88,58","89,14","79,93",YI310847G5561,LUCY A,561,U10/1-4760561,5, ,147,166/48F NGO + 40D E:2.6 (STL),,08/02/2026,1916,B,19:16,, , , 
5,TECELAGEM,0544611,YI310847G5561,561,LUCY A,"1.395,00",,4760,55008, ,35018,P,U10/1-4760561,"2.325,00","930,00","464,40",18,750,"70,41","95,07","91,51","85,74",YI310847G5561,LUCY A,561,U10/1-4760561,5, ,147,166/48F NGO + 40D E:2.6 (STL),,08/02/2026,2319,C,23:19,, , , 
5,TECELAGEM,0544621,YI310848G5561,561,LAREDO A,"1.083,69",,4760,55075, ,35019,N,U10/1-4760561,"2.300,00","1.216,31","439,96",19,750,"63,61","84,44","67,22","71,76",YI310848G5561,LAREDO A,561,U10/1-4760561,5, ,146,167/96F BCO + 40DN E:2.9 (STL),,09/02/2026,1503,B,15:03,, , , 
5,TECELAGEM,0544623,YI310848G5561,561,LAREDO A,"785,80",,4760,55064, ,35020,P,U10/1-4760561,"1.334,00","548,20","439,96",19,750,"58,17","84,21","71,75","71,38",YI310848G5561,LAREDO A,561,U10/1-4760561,5, ,146,167/96F BCO + 40DN E:2.9 (STL),,08/02/2026,0743,A,07:43,, , , 
5,TECELAGEM,0544806,YIC20951C5561C,561C,INFLUX,"312,76",,5696,55137, ,35021,N,U12.5-5696560,"2.340,00","2.027,24","409,84",23.5,835,"26,49","73,61","92,01","64,31",,,,,6, ,139,166/48F NGO + 40D E:2.6 (STL),,11/02/2026,1539,B,15:39,, , , 
5,TECELAGEM,0544409,YIC20950C5561C,561C,STOMP II,"2.264,29",,5696,55119, ,35022,N,U12.5-5696560,"2.340,00","75,71","409,84",23.5,835,"71,36","91,50","92,96","85,28",YIC20951C5561,INFLUX,561C,U12.5-5696560,6, ,137,167/96F BCO + 40DN E:2.9 (STL),,07/02/2026,0957,A,09:57,, , , 
5,TECELAGEM,0544814,YIC20951C5561C,561C,INFLUX,"25,96",,5696,55129, ,35023,N,U12.5-5696560,"2.246,40","2.220,44","409,84",23.5,835,"0,00","0,00","30,65","30,50",,,,,6, ,139,166/48F NGO + 40D E:2.6 (STL),,12/02/2026,0143,C,01:43,, , , 
5,TECELAGEM,0544813,YIC20951C5561C,561C,INFLUX,"0,00",,5696,55029, ,35024,N,U12.5-5696560,"2.340,00","2.340,00","409,84",23.5,835,"66,83","92,96","71,36","76,99",,,,,6, ,139,166/48F NGO + 40D E:2.6 (STL),,12/02/2026,0802,A,08:02,, , , 
5,TECELAGEM,0544610,YI310848G5561,561,LAREDO A,"1.197,90",,4760,55149, ,35025,N,U10/1-4760561,"2.300,00","1.102,10","439,96",19,750,"63,16","88,09","87,81","79,61",,,,,3, ,146,167/96F BCO + 40DN E:2.9 (STL),,09/02/2026,0942,A,09:42,, , , 
5,TECELAGEM,0544613,YI310848G5561,561,LAREDO A,"1.287,37",,4760,55122, ,35026,N,U10/1-4760561,"2.300,00","1.012,63","439,96",19,750,"57,78","86,39","80,83","75,00",YI310848G5561,LAREDO A,561,U10/1-4760561,3, ,146,167/96F BCO + 40DN E:2.9 (STL),,09/02/2026,0530,C,05:30,, , , 
5,TECELAGEM,0544615,YI310847G5561,561,LUCY A,"1.340,56",,4760,55099, ,35027,N,U10/1-4760561,"2.325,00","984,44","464,40",18,750,"68,33","95,28","87,78","83,80",YI310848G5561,LAREDO A,561,U10/1-4760561,5, ,147,166/48F NGO + 40D E:2.6 (STL),,09/02/2026,0145,C,01:45,, , , 
5,TECELAGEM,0544612,YI310848G5561,561,LAREDO A,"1.391,05",,4760,55139, ,35028,N,U10/1-4760561,"2.300,00","908,95","439,96",19,750,"65,28","96,11","93,61","85,00",YI310848G5561,LAREDO A,561,U10/1-4760561,5, ,146,167/96F BCO + 40DN E:2.9 (STL),,09/02/2026,0038,C,00:38,, , , 
5,TECELAGEM,0544808,YIC20947P5560,560,NUUK II,"78,10",,5696,55077, ,35029,N,U12.5-5696560,"2.387,50","2.309,40","395,74",21,750,"0,00","9,72","35,83","22,78",,,,,6, ,145,167/96F BCO + 40DN E:2.9 (STL),,12/02/2026,0545,C,05:45,, , , 
5,TECELAGEM,0544802,YIC20947P5560,560,NUUK II,"442,39",,5696,55130, ,35030,N,U12.5-5696560,"2.387,50","1.945,11","395,74",21,750,"56,99","97,81","94,52","83,18",,,,,6, ,145,167/96F BCO + 40DN E:2.9 (STL),,11/02/2026,1051,A,10:51,, , , 
5,TECELAGEM,0544816,YIC20950C5561C,561C,STOMP II,"0,00",,5696,55168, ,35031,N,U12.5-5696560,"1.872,00","1.872,00","407,39",23.5,830,"56,36","89,78","58,35","68,22",,,,,4, ,137,167/96F BCO + 40DN E:2.9 (STL),,11/02/2026,0939,A,09:39,, , , 
5,TECELAGEM,0544809,YIC20950C5561C,561C,STOMP II,"147,66",,5696,55078, ,35032,N,U12.5-5696560,"2.386,80","2.239,14","407,39",23.5,830,"24,12","24,75","61,85","36,95",,,,,4, ,137,167/96F BCO + 40DN E:2.9 (STL),,12/02/2026,0324,C,03:24,, , , 
5,TECELAGEM,1544605,YI310848G5561,561,LAREDO A,"378,43",,4760,55141, ,35033,N,U10/1-4760561,"1.327,15","948,72","439,96",19,750,"56,82","80,22","54,04","63,75",YI310848G5561,LAREDO A,561,U10/1-4760561,3, ,146,167/96F BCO + 40DN E:2.9 (STL),,09/02/2026,0230,C,02:30,, , , 
5,TECELAGEM,0544804,YIC20948P5560,560,TALLIN II,"233,33",,5696,55010, ,35034,N,U12.5-5696560,"2.387,50","2.154,17","401,02",21,760,"0,00","67,67","66,58","56,58",,,,,3, ,145,166/48F NGO + 40D E:2.6 (STL),,11/02/2026,2013,B,20:13,, , , 
5,TECELAGEM,0544617,YI310847G5561,561,LUCY A,"1.219,44",,4760,55182, ,35035,N,U10/1-4760561,"2.325,00","1.105,56","464,40",18,750,"59,44","75,00","85,00","73,15",YI310848G5561,LAREDO A,561,U10/1-4760561,3, ,147,166/48F NGO + 40D E:2.6 (STL),,09/02/2026,0708,A,07:08,, , , 
5,TECELAGEM,0544417,YIC20950C5561C,561C,STOMP II,"1.980,43",,5696,55180, ,35036,N,U12.5-5696560,"2.340,00","359,57","373,03",23.5,760,"55,62","71,51","81,37","69,56",,,,,3, ,137,167/96F BCO + 40DN E:2.9 (STL),,08/02/2026,0235,C,02:35,, , , 
5,TECELAGEM,0544614,YI310848G5561,561,LAREDO A,"1.134,21",,4760,55067, ,35037,N,U10/1-4760561,"2.300,00","1.165,79","486,89",19,830,"50,75","76,13","72,61","66,44",,,,,4, ,146,167/96F BCO + 40DN E:2.9 (STL),,09/02/2026,0725,A,07:25,, , , 
5,TECELAGEM,0544404,YIC20950C5561C,561C,STOMP II,"2.091,49",,5696,55108, ,35038,N,U12.5-5696560,"2.340,00","248,51","373,03",23.5,760,"38,63","76,16","86,85","67,28",YIC20951C5561,INFLUX,561C,U12.5-5696560,4, ,137,167/96F BCO + 40DN E:2.9 (STL),,07/02/2026,2013,B,20:13,, , , 
5,TECELAGEM,0544411,YIC20950C5561C,561C,STOMP II,"2.147,67",,5696,55146, ,35039,N,U12.5-5696560,"2.340,00","192,33","368,12",23.5,750,"57,81","94,52","90,96","81,17",YIC20951C5561,INFLUX,561C,U12.5-5696560,4, ,137,167/96F BCO + 40DN E:2.9 (STL),,07/02/2026,1709,B,17:09,, , , 
5,TECELAGEM,0544818,YIC20951C5561C,561C,INFLUX,"0,00",,5696,55111, ,35040,N,U12.5-5696560,"1.965,60","1.965,60","407,39",23.5,830,"56,28","94,22","93,72","81,34",,,,,4, ,139,166/48F NGO + 40D E:2.6 (STL),,11/02/2026,1643,B,16:43,, , , 
5,TECELAGEM,0544606,YI310848G5561,561,LAREDO A,"1.495,78",,4760,55159, ,35041,N,U10/1-4760561,"2.300,00","804,22","445,82",19,760,"66,76","94,23","91,76","84,25",YI310848G5561,LAREDO A,561,U10/1-4760561,3, ,146,167/96F BCO + 40DN E:2.9 (STL),,08/02/2026,1913,B,19:13,, , , 
5,TECELAGEM,0544608,YI310847G5561,561,LUCY A,"915,00",,4760,55013, ,35042,N,U10/1-4760561,"2.325,00","1.410,00","464,40",18,750,"66,39","69,72","85,28","73,80",,,,,3, ,147,166/48F NGO + 40D E:2.6 (STL),,09/02/2026,2040,B,20:40,, , , 
5,TECELAGEM,0544807,YIC20951C5561C,561C,INFLUX,"0,00",,5696,55051, ,35043,N,U12.5-5696560,"2.340,00","2.340,00","368,12",23.5,750,"0,00","0,00","0,00","0,00",,,,,3, ,139,166/48F NGO + 40D E:2.6 (STL),,12/02/2026,2201,C,22:01,, , , 
5,TECELAGEM,0544616,YI310848G5561,561,LAREDO A,"1.168,41",,4760,55109, ,35044,N,U10/1-4760561,"2.392,00","1.223,59","445,82",19,760,"59,72","73,61","73,33","68,89",YI310848G5561,LAREDO A,561,U10/1-4760561,3, ,146,167/96F BCO + 40DN E:2.9 (STL),,09/02/2026,1439,B,14:39,, , , 
5,TECELAGEM,0544422,YIC20950C5561C,561C,STOMP II,"1.677,87",,5696,55098, ,35045,P,U12.5-5696560,"2.340,00","662,13","407,39",23.5,830,"59,55","87,19","78,39","74,98",,,,,4, ,137,167/96F BCO + 40DN E:2.9 (STL),,08/02/2026,1643,B,16:43,, , , 
FILIAL,PROCESSO,PARTIDA,ARTIGO,COR,DESC_NM_MERC,MT_DISPONIV,DT_PROD,NUM_FIOS,FLANGE,LADO,MAQUINA,STATUS,URDUME,MT_PREVISTA,MT_A_BATER,MT_PROX24H,BATIDAS,RPM,EFIC_TA,EFIC_TB,EFIC_TC,EFIC_DIA,ART_PROGR,NM_MERC_PROG,COR_PG,URDUME_PRO,GRUPO_TEAR,REPROCESSO,LARGURA,TRAMA_REDUZIDA_1,TRAMA_REDUZIDA_2,DATA FINAL TECEL,HORA_FINAL_TECEL,TURNO_FINAL_TECE,HORA_FINAL_TECEL_V2,OBS ACABAMENTO,COD MOT REP,MOTIVO REPROCESSO,OBS REPROCESSO
5,TECELAGEM,0544801,YIC20950C5561C,561C,STOMP II,"374,04",,5696,55011, ,35046,P,U12.5-5696560,"2.340,00","1.965,96","373,03",23.5,760,"70,96","73,97","95,89","80,20",,,,,4, ,137,167/96F BCO + 40DN E:2.9 (STL),,11/02/2026,2234,C,22:34,, , , 
5,TECELAGEM,0544418,YIC20950C5561C,561C,STOMP II,"1.901,28",,5696,55114, ,35047,N,U12.5-5696560,"2.340,00","438,72","373,03",23.5,760,"70,41","94,25","80,27","81,72",YIC20947P5560,NUUK II,560,U12.5-5696560,4, ,137,167/96F BCO + 40DN E:2.9 (STL),,08/02/2026,0707,A,07:07,, , , 
5,TECELAGEM,1544415,YIC20947P5560,560,NUUK II,"1.740,00",,5696,55169, ,35048,P,U12.5-5696560,"2.081,41","341,41","395,74",21,750,"62,22","85,28","84,44","77,31",YIC20947P5560,NUUK II,560,U12.5-5696560,4, ,145,167/96F BCO + 40DN E:2.9 (STL),,07/02/2026,2342,C,23:42,, , , 
5,TECELAGEM,1544603,YI310848G5561,561,LAREDO A,"0,00",,4760,55019, ,35049,N,U10/1-4760561,"855,01","855,01","439,96",19,750,"57,10","87,19","38,44","60,97",,,,,3, ,146,167/96F BCO + 40DN E:2.9 (STL),,09/02/2026,0136,C,01:36,, , , 
5,TECELAGEM,0544519,AF311006E5561,561,ICON IV,"2.020,00",,4760,55057, ,35050,N,10+10F4760561,"2.201,56","181,56","624,32",13,750,"53,61","80,56","68,06","67,41",AF311006E5561,ICON IV,561,10+10F4760561,3, ,169,7/1 OE,,07/02/2026,1149,A,11:49,, , , 
5,TECELAGEM,0544517,AF311006E5561,561,ICON IV,"2.135,39",,4760,55095, ,35051,N,10+10F4760561,"2.300,00","164,61","624,32",13,750,"50,41","74,25","81,92","68,92",AI310906V5560,CAPRI,560,U12.5-4760560,3, ,169,7/1 OE,,07/02/2026,1116,A,11:16,, , , 
5,TECELAGEM,0544701,AI310906V5560,560,CAPRI,"1.104,40",,4760,55087, ,35052,P,U12.5-4760560,"2.300,00","1.195,60","510,30",16,750,"69,72","79,44","73,33","74,17",AF311006E5561,ICON IV,561,10+10F4760561,3, ,165,9/1 OE,,09/02/2026,0513,C,05:13,, , , 
5,TECELAGEM,0544721,AI310906V5560,560,CAPRI,"85,63",,4760,55026, ,35053,N,U12.5-4760560,"2.300,00","2.214,37","510,30",16,750,"57,78","70,00","62,67","63,48",,,,,4, ,165,9/1 OE,,10/02/2026,2128,B,21:28,, , , 
5,TECELAGEM,0544407,YIC20950C5561C,561C,STOMP II,"2.226,81",,5696,55084, ,35054,N,U12.5-5696560,"2.340,00","113,19","368,12",23.5,750,"58,61","95,83","92,78","82,41",YIC20951C5561,INFLUX,561C,U12.5-5696560,4, ,137,167/96F BCO + 40DN E:2.9 (STL),,07/02/2026,1234,A,12:34,, , , 
5,TECELAGEM,0544803,YIC20948P5560,560,TALLIN II,"380,47",,5696,55089, ,35055,P,U12.5-5696560,"2.387,50","2.007,03","403,66",21,765,"44,88","82,50","94,44","73,91",,,,,4, ,145,166/48F NGO + 40D E:2.6 (STL),,11/02/2026,1201,A,12:01,, , , 
5,TECELAGEM,1544405,YIC20947P5560,560,NUUK II,"555,24",,5696,55028, ,35056,N,U12.5-5696560,"1.462,73","907,49","403,66",21,765,"48,48","57,02","63,64","56,38",,,,,4, ,145,167/96F BCO + 40DN E:2.9 (STL),,09/02/2026,0407,C,04:07,, , , 
5,TECELAGEM,0544723,AI310906V5560,560,CAPRI,"0,00",,4760,55142, ,35057,N,U12.5-4760560,"2.300,00","2.300,00","510,30",16,750,"44,44","46,94","68,89","53,43",,,,,1, ,165,9/1 OE,,11/02/2026,0251,C,02:51,, , , 
5,TECELAGEM,0544712,AI310906V5560,560,CAPRI,"790,63",,4760,55055, ,35058,N,U12.5-4760560,"2.300,00","1.509,37","510,30",16,750,"63,89","80,56","86,11","76,85",,,,,1, ,165,9/1 OE,,09/02/2026,1737,B,17:37,, , , 
5,TECELAGEM,0544717,AI310906V5560,560,CAPRI,"257,51",,4760,55103, ,35059,N,U12.5-4760560,"2.300,00","2.042,49","510,30",16,750,"34,72","18,06","96,39","49,72",,,,,1, ,165,9/1 OE,,10/02/2026,1441,B,14:41,, , , 
5,TECELAGEM,0544722,AI310906V5560,560,CAPRI,"175,63",,4760,55164, ,35060,N,U12.5-4760560,"2.300,00","2.124,37","510,30",16,750,"26,94","76,39","78,06","60,46",,,,,1, ,165,9/1 OE,,10/02/2026,1755,B,17:55,, , , 
5,TECELAGEM,0544520,AF311006E5561,561,ICON IV,"1.977,69",,4760,55023, ,35061,P,10+10F4760561,"2.300,00","322,31","624,32",13,750,"52,50","83,89","81,39","72,59",AF311006E5561,ICON IV,561,10+10F4760561,2, ,169,7/1 OE,,07/02/2026,1621,B,16:21,, , , 
5,TECELAGEM,0544620,AI311102G5561,561,WARDEN II,"1.575,00",,4760,55066, ,35062,N,U10/1-4760561,"2.300,00","725,00","579,73",14,750,"64,72","93,61","87,50","81,94",AF311006E5561,ICON IV,561,10+10F4760561,2, ,169,7/1 OE,,08/02/2026,0703,A,07:03,, , , 
5,TECELAGEM,0544622,AI311201G5561,561,MONTE CARLO,"1.319,39",,4760,55045, ,35063,N,U10/1-4760561,"2.200,00","880,61","494,84",16.5,750,"70,11","87,71","94,13","84,06",AF311006E5561,ICON IV,561,10+10F4760561,2, ,168,7/1 OE,,08/02/2026,1752,B,17:52,, , , 
5,TECELAGEM,0544604,AI311201G5561,561,MONTE CARLO,"1.720,00",,4760,55112, ,35064,N,U10/1-4760561,"2.200,00","480,00","494,84",16.5,750,"63,61","93,61","93,61","83,61",AF311006E5561,ICON IV,561,10+10F4760561,2, ,168,7/1 OE,,08/02/2026,0133,C,01:33,, , , 
5,TECELAGEM,0544618,AI311102G5561,561,WARDEN II,"1.441,42",,4760,55106, ,35065,P,U10/1-4760561,"1.996,40","554,98","579,73",14,750,"49,44","69,72","80,56","66,57",AF311006E5561,ICON IV,561,10+10F4760561,1, ,169,7/1 OE,,08/02/2026,0110,C,01:10,, , , 
5,TECELAGEM,0544602,AI311201G5561,561,MONTE CARLO,"1.638,79",,4760,55138, ,35066,N,U10/1-4760561,"2.200,00","561,21","494,84",16.5,750,"60,28","66,11","86,67","71,02",AF311006E5561,ICON IV,561,10+10F4760561,1, ,168,7/1 OE,,08/02/2026,0451,C,04:51,, , , 
5,TECELAGEM,0544525,AF311006E5561,561,ICON IV,"1.576,15",,4760,55041, ,35067,P,10+10F4760561,"1.996,40","420,25","624,32",13,750,"43,06","42,22","68,06","51,11",AF311006E5561,ICON IV,561,10+10F4760561,1, ,169,7/1 OE,,07/02/2026,1929,B,19:29,, , , 
5,TECELAGEM,0544523,AF311006E5561,561,ICON IV,"1.547,70",,4760,55035, ,35068,N,10+10F4760561,"2.300,00","752,30","624,32",13,750,"14,17","20,56","63,06","32,59",AF311006E5561,ICON IV,561,10+10F4760561,1, ,169,7/1 OE,,08/02/2026,0609,A,06:09,, , , 
5,TECELAGEM,0544702,AI310906V5560,560,CAPRI,"1.043,75",,4760,55048, ,35069,N,U12.5-4760560,"2.300,00","1.256,25","510,30",16,750,"56,67","96,11","93,33","82,04",AF311006E5561,ICON IV,561,10+10F4760561,2, ,165,9/1 OE,,09/02/2026,0737,A,07:37,, , , 
5,TECELAGEM,0544704,AI310906V5560,560,CAPRI,"1.021,25",,4760,55195, ,35070,N,U12.5-4760560,"2.300,00","1.278,75","510,30",16,750,"66,11","97,78","96,11","86,67",AF311006E5561,ICON IV,561,10+10F4760561,2, ,165,9/1 OE,,09/02/2026,0831,A,08:31,, , , 
5,TECELAGEM,0544711,AI310906V5560,560,CAPRI,"1.040,02",,4760,55183, ,35071,Q,U12.5-4760560,"2.300,00","1.259,98","510,30",16,750,"88,61","95,00","67,50","83,70",AF311006E5561,ICON IV,561,10+10F4760561,2, ,165,9/1 OE,,09/02/2026,0746,A,07:46,, , , 
5,TECELAGEM,0544607,AI311102G5561,561,WARDEN II,"1.930,01",,4760,55063, ,35072,N,U10/1-4760561,"2.300,00","369,99","579,73",14,750,"69,72","92,50","94,44","85,56",AF311006E5561,ICON IV,561,10+10F4760561,2, ,169,7/1 OE,,07/02/2026,1847,B,18:47,, , , 
5,TECELAGEM,0544518,AF311006E5561,561,ICON IV,"1.959,21",,4760,55131, ,35073,N,10+10F4760561,"2.284,36","325,15","624,32",13,750,"38,61","61,67","74,17","58,15",AF311006E5561,ICON IV,561,10+10F4760561,1, ,169,7/1 OE,,07/02/2026,1626,B,16:26,, , , 
5,TECELAGEM,0544601,AI311102G5561,561,WARDEN II,"1.736,42",,4760,55050, ,35074,P,U10/1-4760561,"2.300,00","563,58","591,32",14,765,"62,13","84,20","80,93","75,82",AF311006E5561,ICON IV,561,10+10F4760561,1, ,169,7/1 OE,,08/02/2026,0106,C,01:06,, , , 
5,TECELAGEM,0544709,AI310906V5560,560,CAPRI,"919,39",,4760,55085, ,35075,N,U12.5-4760560,"2.300,00","1.380,61","476,28",16,700,"66,67","91,94","83,33","80,65",,,,,1, ,165,9/1 OE,,09/02/2026,1626,B,16:26,, , , 
5,TECELAGEM,0544522,AF311006E5561,561,ICON IV,"1.668,45",,4760,55074, ,35076,P,10+10F4760561,"2.300,00","631,55","624,32",13,750,"47,78","63,33","67,22","59,44",AF311006E5561,ICON IV,561,10+10F4760561,1, ,169,7/1 OE,,08/02/2026,0216,C,02:16,, , , 
5,TECELAGEM,0544716,AI310906V5560,560,CAPRI,"70,00",,4760,55144, ,35077,N,U12.5-4760560,"2.392,00","2.322,00","510,30",16,750,"31,39","59,72","40,28","43,80",,,,,2, ,165,9/1 OE,,11/02/2026,0143,C,01:43,, , , 
5,TECELAGEM,0544715,AI310906V5560,560,CAPRI,"781,26",,4760,55065, ,35078,P,U12.5-4760560,"2.392,00","1.610,74","510,30",16,750,"60,56","92,22","71,11","74,63",AF311006E5561,ICON IV,561,10+10F4760561,2, ,165,9/1 OE,,09/02/2026,2137,B,21:37,, , , 
5,TECELAGEM,0544703,AI310906V5560,560,CAPRI,"1.124,39",,4760,55006, ,35079,N,U12.5-4760560,"2.300,00","1.175,61","476,28",16,700,"69,12","87,35","97,35","84,61",AF311006E5561,ICON IV,561,10+10F4760561,2, ,165,9/1 OE,,09/02/2026,0745,A,07:45,, , , 
5,TECELAGEM,0544707,AI310906V5560,560,CAPRI,"453,75",,4760,55079, ,35080,N,U12.5-4760560,"2.300,00","1.846,25","510,30",16,750,"35,83","87,78","96,11","73,24",,,,,2, ,165,9/1 OE,,10/02/2026,0656,A,06:56,, , , 
5,A ENROLAR,1544513,AF311006E5561,561,ICON IV,"390,00",06/02/2026,4760,0,D,35010,N,,"0,00","0,00","0,00",13,0,"0,00","0,00","0,00","0,00", , , , ,0,,169,7/1 OE,,, , , ,,,,
5,A ENROLAR,0544408,YIC20950C5561C,561C,STOMP II,"2.322,96",07/02/2026,5696,0,D,35013,N,,"0,00","0,00","0,00",23.5,0,"0,00","0,00","0,00","0,00", , , , ,0,,137,167/96F BCO + 40DN E:2.9 (STL),,, , , ,,,,
5,A ENROLAR,0544414,YIC20950C5561C,561C,STOMP II,"2.246,81",07/02/2026,5696,0,D,35016,P,,"0,00","0,00","0,00",23.5,0,"0,00","0,00","0,00","0,00", , , , ,0,,137,167/96F BCO + 40DN E:2.9 (STL),,, , , ,,,,
5,A ENROLAR,0544416,YIC20950C5561C,561C,STOMP II,"2.422,98",07/02/2026,5696,0,D,35024,N,,"0,00","0,00","0,00",23.5,0,"0,00","0,00","0,00","0,00", , , , ,0,,137,167/96F BCO + 40DN E:2.9 (STL),,, , , ,,,,
5,A ENROLAR,0544410,YIC20950C5561C,561C,STOMP II,"2.349,77",07/02/2026,5696,0,D,35031,N,,"0,00","0,00","0,00",23.5,0,"0,00","0,00","0,00","0,00", , , , ,0,,137,167/96F BCO + 40DN E:2.9 (STL),,, , , ,,,,
5,A ENROLAR,0544412,YIC20950C5561C,561C,STOMP II,"2.390,23",07/02/2026,5696,0,D,35040,N,,"0,00","0,00","0,00",23.5,0,"0,00","0,00","0,00","0,00", , , , ,0,,137,167/96F BCO + 40DN E:2.9 (STL),,, , , ,,,,
5,A ENROLAR,1544106,YI310848G5561,561,LAREDO A,"771,57",07/02/2026,4760,0,D,35049,N,,"0,00","0,00","0,00",19,0,"0,00","0,00","0,00","0,00", , , , ,0,,146,167/96F BCO + 40DN E:2.9 (STL),,, , , ,,,,
5,A ENROLAR,0544603,AI311102G5561,561,WARDEN II,"1.444,99",07/02/2026,4760,0,D,35057,N,,"0,00","0,00","0,00",14,0,"0,00","0,00","0,00","0,00", , , , ,0,,169,7/1 OE,,, , , ,,,,
5,A ENROLAR,0544508,AF311006E5561,561,ICON IV,"1.930,74",07/02/2026,4760,0,D,35077,N,,"0,00","0,00","0,00",13,0,"0,00","0,00","0,00","0,00", , , , ,0,,169,7/1 OE,,, , , ,,,,
5,EM REVISAO,0544506,AF311006E5561,561,ICON IV,"651,00",,4760,0, ,0,N,,"0,00","0,00","0,00",13,0,"0,00","0,00","0,00","0,00", , , , ,0, ,169,7/1 OE, ,, , , ,, , , 
5,EM REVISAO,0544512,AF311006E5561,561,ICON IV,"60,00",,4760,0, ,0,N,,"0,00","0,00","0,00",13,0,"0,00","0,00","0,00","0,00", , , , ,0, ,169,7/1 OE, ,, , , ,, , , 
FILIAL,PROCESSO,PARTIDA,ARTIGO,COR,DESC_NM_MERC,MT_DISPONIV,DT_PROD,NUM_FIOS,FLANGE,LADO,MAQUINA,STATUS,URDUME,MT_PREVISTA,MT_A_BATER,MT_PROX24H,BATIDAS,RPM,EFIC_TA,EFIC_TB,EFIC_TC,EFIC_DIA,ART_PROGR,NM_MERC_PROG,COR_PG,URDUME_PRO,GRUPO_TEAR,REPROCESSO,LARGURA,TRAMA_REDUZIDA_1,TRAMA_REDUZIDA_2,DATA FINAL TECEL,HORA_FINAL_TECEL,TURNO_FINAL_TECE,HORA_FINAL_TECEL_V2,OBS ACABAMENTO,COD MOT REP,MOTIVO REPROCESSO,OBS REPROCESSO
5,INTEGRADA,0544505,AF311006E5561,561,ICON IV,"1.970,00",07/02/2026,4760,,D,165001,N,,"0,00","0,00","0,00",13,0,"0,00","0,00","0,00","0,00", , , , ,0,,169,7/1 OE,,, , , ,,,,
5,INTEGRADA,0544511,AF311006E5561,561,ICON IV,"1.189,00",07/02/2026,4760,,D,165001,P,,"0,00","0,00","0,00",13,0,"0,00","0,00","0,00","0,00", , , , ,0,,169,7/1 OE,,, , , ,,,,
5,INTEGRADA,1537823,AI311103G5920,920,DOHA,"211,00",05/02/2026,4760,,D,165001,,,"0,00","0,00","0,00",13.5,0,"0,00","0,00","0,00","0,00", , , , ,0,,168,7/1 OE,,, , , ,,498,ENTORTAMENTO ( SKEW ),
