FILIAL,LOC. FISICO,MAQUINA,NOME_MAQUINA,DATA_PRODUCAO,TURNO,LADO,ITEM,DESC ITEM,HORA INICIAL,HORA FINAL,RPM,NUM FUSOS,ALFA,LOTE PRODUC,TÍTULO,TEMPO,TORCAO P POLEG,TORCAO P METRO,PROD MT/MIN,PROD KG/HR,PROD CALCULADA,PROD INFORMADA,EFIC CALCULADA,EFIC INFORMADA,OPERADOR,T.BOB.,RPM CARD,N,S,L,T,MO,CP V+ SL+,CM V- SL-,CCp C+,CCm C-,JP (P+),JM (P-),CVP,CVM,CORT NAT,% ROB 01,% ROB 02,% ROB 03
05,003,050403,OPEN END III                  ,12/01/2026,B,A,0957330,"HILO 12,5 LISO OE CARDA TECEL",14:00,22:00,90000,300,5.3,0000000105,12.5,"8,00","18,74","737,73","122,00","103,74","829,89","0,00","0,0","0,0",00096,"0,000",0,0,0,0,0,0,0,0,0,0,0,0,0,0,0,0,0,0
05,003,050403,OPEN END III                  ,12/01/2026,A,A,0957330,"HILO 12,5 LISO OE CARDA TECEL",06:00,14:00,90000,300,5.3,0000000105,12.5,"8,00","18,74","737,73","122,00","103,74","829,89","0,00","0,0","0,0",00096,"0,000",0,0,0,0,0,0,0,0,0,0,0,0,0,0,0,0,0,0
05,003,050403,OPEN END III                  ,12/01/2026,A,B,0957330,"HILO 12,5 LISO OE CARDA TECEL",06:00,14:00,90000,300,5.3,0000000105,12.5,"8,00","18,74","737,73","122,00","103,74","829,89","201,20","24,2","28,1",00096,"1,006",9500,0,41,20,16,16,9,13,11,1,6,0,0,0,116,0,0,0
05,003,050403,OPEN END III                  ,12/01/2026,C,A,0957330,"HILO 12,5 LISO OE CARDA TECEL",22:00,06:00,90000,300,5.3,0000000105,12.5,"8,00","18,74","737,73","122,00","103,74","829,89","631,70","76,1","85,7",00096,"1,006",9500,0,61,15,28,33,15,30,4,6,13,0,0,0,143,0,0,0
05,003,050403,OPEN END III                  ,12/01/2026,C,B,0957330,"HILO 12,5 LISO OE CARDA TECEL",22:00,06:00,90000,300,5.3,0000000105,12.5,"8,00","18,74","737,73","122,00","103,74","829,89","716,00","86,3","86,4",00096,"1,006",9500,1,67,12,50,35,15,27,20,10,33,0,0,0,161,0,0,0
05,003,050403,OPEN END III                  ,13/01/2026,A,A,0957330,"HILO 12,5 LISO OE CARDA TECEL",06:00,14:00,90000,300,5.3,0000000105,12.5,"8,00","18,74","737,73","122,00","103,74","829,89","786,80","94,8","94,9",00096,"1,006",9500,2,45,11,50,14,11,18,7,3,13,0,0,0,125,0,0,0
05,003,050403,OPEN END III                  ,13/01/2026,A,B,0957330,"HILO 12,5 LISO OE CARDA TECEL",06:00,14:00,90000,300,5.3,0000000105,12.5,"8,00","18,74","737,73","122,00","103,74","829,89","784,50","94,5","94,9",00096,"1,006",9500,0,47,12,78,32,15,20,18,9,9,2,0,0,142,0,0,0
05,003,050403,OPEN END III                  ,13/01/2026,B,B,0957330,"HILO 12,5 LISO OE CARDA TECEL",14:00,22:00,90000,300,5.3,0000000105,12.5,"8,00","18,74","737,73","122,00","103,74","829,89","0,00","0,0","0,0",00096,"0,000",0,0,0,0,0,0,0,0,0,0,0,0,0,0,0,0,0,0
05,003,050403,OPEN END III                  ,13/01/2026,C,A,0957330,"HILO 12,5 LISO OE CARDA TECEL",22:00,06:00,90000,300,5.3,0000000105,12.5,"8,00","18,74","737,73","122,00","103,74","829,89","688,50","83,0","82,7",00096,"1,006",9500,0,34,13,70,21,13,51,5,3,36,0,0,0,105,0,0,0
05,003,050403,OPEN END III                  ,13/01/2026,C,B,0957330,"HILO 12,5 LISO OE CARDA TECEL",22:00,06:00,90000,300,5.3,0000000105,12.5,"8,00","18,74","737,73","122,00","103,74","829,89","716,50","86,3","86,8",00096,"1,006",9500,0,33,5,52,11,16,34,8,3,47,0,0,0,136,0,0,0
05,003,050403,OPEN END III                  ,14/01/2026,B,A,0957330,"HILO 12,5 LISO OE CARDA TECEL",14:00,22:00,90000,300,5.3,0000000105,12.5,"8,00","18,74","737,73","122,00","103,74","829,89","0,00","0,0","0,0",00096,"0,000",0,0,0,0,0,0,0,0,0,0,0,0,0,0,0,0,0,0
05,003,050403,OPEN END III                  ,14/01/2026,A,B,0957330,"HILO 12,5 LISO OE CARDA TECEL",06:00,14:00,90000,300,5.3,0000000105,12.5,"8,00","18,74","737,73","122,00","103,74","829,89","793,70","95,6","96,1",00096,"1,006",9500,1,49,14,51,36,11,23,15,4,7,1,0,0,133,0,0,0
05,003,050403,OPEN END III                  ,14/01/2026,A,A,0957330,"HILO 12,5 LISO OE CARDA TECEL",06:00,14:00,90000,300,5.3,0000000105,12.5,"8,00","18,74","737,73","122,00","103,74","829,89","793,00","95,6","95,5",00096,"1,006",9500,3,36,5,57,12,9,23,3,2,3,0,0,0,113,0,0,0
05,003,050403,OPEN END III                  ,14/01/2026,B,B,0957330,"HILO 12,5 LISO OE CARDA TECEL",14:00,22:00,90000,300,5.3,0000000105,12.5,"8,00","18,74","737,73","122,00","103,74","829,89","0,00","0,0","0,0",00096,"0,000",0,0,0,0,0,0,0,0,0,0,0,0,0,0,0,0,0,0
05,003,050403,OPEN END III                  ,14/01/2026,C,B,0957330,"HILO 12,5 LISO OE CARDA TECEL",22:00,06:00,90000,300,5.3,0000000105,12.5,"8,00","18,74","737,73","122,00","103,74","829,89","725,30","87,4","87,6",00096,"1,006",9500,0,29,15,42,18,9,18,6,2,46,2,0,0,121,0,0,0
05,003,050403,OPEN END III                  ,14/01/2026,C,A,0957330,"HILO 12,5 LISO OE CARDA TECEL",22:00,06:00,90000,300,5.3,0000000105,12.5,"8,00","18,74","737,73","122,00","103,74","829,89","698,30","84,1","83,9",00096,"1,006",9500,0,33,6,42,35,16,27,7,5,0,13,0,0,97,0,0,0
05,003,050403,OPEN END III                  ,15/01/2026,A,A,0957330,"HILO 12,5 LISO OE CARDA TECEL",06:00,14:00,90000,300,5.3,0000000105,12.5,"8,00","18,74","737,73","122,00","103,74","829,89","804,10","96,9","96,7",00096,"1,006",9500,0,35,25,45,27,15,23,5,4,19,0,0,0,127,0,0,0
05,003,050403,OPEN END III                  ,15/01/2026,A,B,0957330,"HILO 12,5 LISO OE CARDA TECEL",06:00,14:00,90000,300,5.3,0000000105,12.5,"8,00","18,74","737,73","122,00","103,74","829,89","791,80","95,4","95,6",00096,"1,006",9500,0,52,17,49,26,18,23,17,3,2,0,0,0,137,0,0,0
05,003,050403,OPEN END III                  ,15/01/2026,B,A,0957330,"HILO 12,5 LISO OE CARDA TECEL",14:00,22:00,90000,300,5.3,0000000105,12.5,"8,00","18,74","737,73","122,00","103,74","829,89","0,00","0,0","0,0",00096,"0,000",0,0,0,0,0,0,0,0,0,0,0,0,0,0,0,0,0,0
05,003,050403,OPEN END III                  ,15/01/2026,B,B,0957330,"HILO 12,5 LISO OE CARDA TECEL",14:00,22:00,90000,300,5.3,0000000105,12.5,"8,00","18,74","737,73","122,00","103,74","829,89","0,00","0,0","0,0",00096,"0,000",0,0,0,0,0,0,0,0,0,0,0,0,0,0,0,0,0,0
05,003,050403,OPEN END III                  ,15/01/2026,C,A,0957330,"HILO 12,5 LISO OE CARDA TECEL",22:00,06:00,90000,300,5.3,0000000105,12.5,"8,00","18,74","737,73","122,00","103,74","829,89","746,50","90,0","89,7",00096,"1,006",9500,0,33,6,42,13,16,27,7,5,35,0,0,0,97,0,0,0
05,003,050403,OPEN END III                  ,15/01/2026,C,B,0957330,"HILO 12,5 LISO OE CARDA TECEL",22:00,06:00,90000,300,5.3,0000000105,12.5,"8,00","18,74","737,73","122,00","103,74","829,89","689,70","83,1","83,5",00096,"1,006",9500,0,29,15,42,18,9,18,6,2,46,2,0,0,121,0,0,0
05,003,050403,OPEN END III                  ,16/01/2026,A,A,0957330,"HILO 12,5 LISO OE CARDA TECEL",06:00,14:00,90000,300,5.3,0000000105,12.5,"8,00","18,74","737,73","122,00","103,74","829,89","802,70","96,7","96,6",00096,"1,006",9500,0,39,12,45,21,20,33,16,2,5,0,0,0,141,0,0,0
05,003,050403,OPEN END III                  ,16/01/2026,A,B,0957330,"HILO 12,5 LISO OE CARDA TECEL",06:00,14:00,90000,300,5.3,0000000105,12.5,"8,00","18,74","737,73","122,00","103,74","829,89","787,50","94,9","95,2",00096,"1,006",9500,4,49,18,40,28,12,27,12,3,6,0,0,0,163,0,0,0
05,003,050403,OPEN END III                  ,16/01/2026,B,A,0957330,"HILO 12,5 LISO OE CARDA TECEL",14:00,22:00,90000,300,5.3,0000000105,12.5,"8,00","18,74","737,73","122,00","103,74","829,89","0,00","0,0","0,0",00096,"0,000",0,0,0,0,0,0,0,0,0,0,0,0,0,0,0,0,0,0
05,003,050403,OPEN END III                  ,16/01/2026,C,A,0957330,"HILO 12,5 LISO OE CARDA TECEL",22:00,06:00,90000,300,5.3,0000000105,12.5,"8,00","18,74","737,73","122,00","103,74","829,89","738,10","88,9","88,7",00096,"1,006",9500,1,37,12,37,23,19,14,16,2,0,14,0,0,134,0,0,0
05,003,050403,OPEN END III                  ,16/01/2026,B,B,0957330,"HILO 12,5 LISO OE CARDA TECEL",14:00,22:00,90000,300,5.3,0000000105,12.5,"8,00","18,74","737,73","122,00","103,74","829,89","0,00","0,0","0,0",00096,"0,000",0,0,0,0,0,0,0,0,0,0,0,0,0,0,0,0,0,0
05,003,050403,OPEN END III                  ,16/01/2026,C,B,0957330,"HILO 12,5 LISO OE CARDA TECEL",22:00,06:00,90000,300,5.3,0000000105,12.5,"8,00","18,74","737,73","122,00","103,74","829,89","655,90","79,0","79,3",00096,"1,006",9500,0,36,8,23,26,8,12,17,3,39,2,0,0,141,0,0,0
05,003,050403,OPEN END III                  ,17/01/2026,A,B,0957330,"HILO 12,5 LISO OE CARDA TECEL",06:00,14:00,90000,300,5.3,0000000105,12.5,"8,00","18,74","737,73","122,00","103,74","829,89","783,80","94,4","94,8",00096,"1,006",9500,0,43,6,44,29,9,21,8,2,0,0,0,0,130,0,0,0
05,003,050403,OPEN END III                  ,17/01/2026,A,A,0957330,"HILO 12,5 LISO OE CARDA TECEL",06:00,14:00,90000,300,5.3,0000000105,12.5,"8,00","18,74","737,73","122,00","103,74","829,89","812,60","97,9","97,7",00096,"1,006",9500,0,25,5,25,22,7,16,14,1,0,0,0,0,97,0,0,0
05,003,050403,OPEN END III                  ,17/01/2026,C,A,0957330,"HILO 12,5 LISO OE CARDA TECEL",22:00,06:00,90000,300,5.3,0000000105,12.5,"8,00","18,74","737,73","122,00","103,74","829,89","741,50","89,3","89,1",00092,"1,006",9500,1,57,13,29,26,16,13,5,4,24,1,0,0,123,0,0,0
05,003,050403,OPEN END III                  ,17/01/2026,C,B,0957330,"HILO 12,5 LISO OE CARDA TECEL",22:00,06:00,90000,300,5.3,0000000105,12.5,"8,00","18,74","737,73","122,00","103,74","829,89","692,10","83,4","83,7",00092,"1,006",9500,2,36,7,22,25,8,10,7,1,33,3,0,0,105,0,0,0
05,003,050403,OPEN END III                  ,19/01/2026,A,B,0957330,"HILO 12,5 LISO OE CARDA TECEL",06:00,14:00,90000,300,5.3,0000000105,12.5,"8,00","18,74","737,73","122,00","103,74","829,89","629,10","75,8","83,6",00096,"1,006",9500,0,28,11,31,23,10,19,14,0,18,0,0,0,126,0,0,0
05,003,050403,OPEN END III                  ,19/01/2026,A,A,0957330,"HILO 12,5 LISO OE CARDA TECEL",06:00,14:00,90000,300,5.3,0000000105,12.5,"8,00","18,74","737,73","122,00","103,74","829,89","701,70","84,6","92,8",00096,"1,006",9500,2,30,4,23,28,6,11,9,4,17,0,0,0,134,0,0,0
05,003,050403,OPEN END III                  ,19/01/2026,B,A,0957330,"HILO 12,5 LISO OE CARDA TECEL",14:00,22:00,90000,300,5.3,0000000105,12.5,"8,00","18,74","737,73","122,00","103,74","829,89","808,90","97,5","97,2",00096,"1,006",9500,1,31,15,41,17,17,16,10,2,7,0,0,0,151,0,0,0
05,003,050403,OPEN END III                  ,19/01/2026,B,B,0957330,"HILO 12,5 LISO OE CARDA TECEL",14:00,22:00,90000,300,5.3,0000000105,12.5,"8,00","18,74","737,73","122,00","103,74","829,89","802,90","96,7","96,9",00096,"1,006",9500,2,33,4,42,28,13,12,12,1,26,0,0,0,120,0,0,0
05,003,050403,OPEN END III                  ,19/01/2026,C,A,0957330,"HILO 12,5 LISO OE CARDA TECEL",22:00,06:00,90000,300,5.3,0000000105,12.5,"8,00","18,74","737,73","122,00","103,74","829,89","704,00","84,8","84,6",00096,"1,006",9500,2,49,6,34,20,11,15,13,4,54,1,0,0,136,0,0,0
05,003,050403,OPEN END III                  ,19/01/2026,C,B,0957330,"HILO 12,5 LISO OE CARDA TECEL",22:00,06:00,90000,300,5.3,0000000105,12.5,"8,00","18,74","737,73","122,00","103,74","829,89","750,60","90,4","90,7",00096,"1,006",9500,0,64,4,49,54,11,21,13,5,40,1,0,0,224,0,0,0
05,003,050403,OPEN END III                  ,20/01/2026,A,A,0957330,"HILO 12,5 LISO OE CARDA TECEL",06:00,14:00,90000,300,5.3,0000000105,12.5,"8,00","18,74","737,73","122,00","103,74","829,89","806,20","97,1","96,8",00096,"1,006",9500,0,42,12,34,33,8,12,16,1,18,1,0,0,158,0,0,0
05,003,050403,OPEN END III                  ,20/01/2026,A,B,0957330,"HILO 12,5 LISO OE CARDA TECEL",06:00,14:00,90000,300,5.3,0000000105,12.5,"8,00","18,74","737,73","122,00","103,74","829,89","798,00","96,2","96,3",00096,"1,006",9500,1,51,5,24,32,12,14,16,2,29,0,0,0,138,0,0,0
05,003,050403,OPEN END III                  ,20/01/2026,B,A,0957330,"HILO 12,5 LISO OE CARDA TECEL",14:00,22:00,90000,300,5.3,0000000105,12.5,"8,00","18,74","737,73","122,00","103,74","829,89","810,00","97,6","97,3",00096,"1,006",9500,1,32,8,55,23,7,25,12,3,3,0,0,0,126,0,0,0
05,003,050403,OPEN END III                  ,20/01/2026,B,B,0957330,"HILO 12,5 LISO OE CARDA TECEL",14:00,22:00,90000,300,5.3,0000000105,12.5,"8,00","18,74","737,73","122,00","103,74","829,89","781,50","94,2","94,5",00096,"1,006",9500,2,35,6,70,22,10,34,8,4,48,1,0,0,181,0,0,0
05,003,050403,OPEN END III                  ,20/01/2026,C,A,0957330,"HILO 12,5 LISO OE CARDA TECEL",22:00,06:00,90000,300,5.3,0000000105,12.5,"8,00","18,74","737,73","122,00","103,74","829,89","808,10","97,4","97,1",00096,"1,006",9500,1,40,8,25,24,7,16,18,6,11,0,0,0,139,0,0,0
05,003,050403,OPEN END III                  ,20/01/2026,C,B,0957330,"HILO 12,5 LISO OE CARDA TECEL",22:00,06:00,90000,300,5.3,0000000105,12.5,"8,00","18,74","737,73","122,00","103,74","829,89","803,40","96,8","97,0",00096,"1,006",9500,2,81,22,61,32,15,27,15,6,14,0,0,0,212,0,0,0
05,003,050403,OPEN END III                  ,21/01/2026,A,B,0957330,"HILO 12,5 LISO OE CARDA TECEL",06:00,14:00,90000,300,5.3,0000000105,12.5,"8,00","18,74","737,73","122,00","103,74","829,89","624,70","75,3","75,6",00096,"1,006",9500,0,45,8,36,12,13,13,4,2,4,0,0,0,259,0,0,0
05,003,050403,OPEN END III                  ,21/01/2026,A,A,0957330,"HILO 12,5 LISO OE CARDA TECEL",06:00,14:00,90000,300,5.3,0000000105,12.5,"8,00","18,74","737,73","122,00","103,74","829,89","718,40","86,6","86,3",00096,"1,006",9500,0,26,10,22,23,6,10,9,1,2,1,0,0,247,0,0,0
FILIAL,LOC. FISICO,MAQUINA,NOME_MAQUINA,DATA_PRODUCAO,TURNO,LADO,ITEM,DESC ITEM,HORA INICIAL,HORA FINAL,RPM,NUM FUSOS,ALFA,LOTE PRODUC,TÍTULO,TEMPO,TORCAO P POLEG,TORCAO P METRO,PROD MT/MIN,PROD KG/HR,PROD CALCULADA,PROD INFORMADA,EFIC CALCULADA,EFIC INFORMADA,OPERADOR,T.BOB.,RPM CARD,N,S,L,T,MO,CP V+ SL+,CM V- SL-,CCp C+,CCm C-,JP (P+),JM (P-),CVP,CVM,CORT NAT,% ROB 01,% ROB 02,% ROB 03
05,003,050403,OPEN END III                  ,21/01/2026,B,A,0957330,"HILO 12,5 LISO OE CARDA TECEL",14:00,22:00,90000,300,5.3,0000000105,12.5,"8,00","18,74","737,73","122,00","103,74","829,89","53,00","6,4","12,6",00096,"1,006",9500,0,3,1,12,0,1,2,1,1,0,4,0,0,51,0,0,0
05,003,050403,OPEN END III                  ,21/01/2026,C,B,0957330,"HILO 12,5 LISO OE CARDA TECEL",22:00,06:00,90000,300,5.3,0000000105,12.5,"8,00","18,74","737,73","122,00","103,74","829,89","0,00","0,0","0,0",00096,"0,000",0,0,0,0,0,0,0,0,0,0,0,0,0,0,0,0,0,0
05,003,050403,OPEN END III                  ,21/01/2026,C,A,0957330,"HILO 12,5 LISO OE CARDA TECEL",22:00,06:00,90000,300,5.3,0000000105,12.5,"8,00","18,74","737,73","122,00","103,74","829,89","0,00","0,0","0,0",00096,"0,000",0,0,0,0,0,0,0,0,0,0,0,0,0,0,0,0,0,0
05,003,050403,OPEN END III                  ,21/01/2026,B,B,0957330,"HILO 12,5 LISO OE CARDA TECEL",14:00,22:00,90000,300,5.3,0000000105,12.5,"8,00","18,74","737,73","122,00","103,74","829,89","15,60","1,9","3,7",00096,"1,006",9500,0,0,0,0,0,0,0,0,0,0,0,0,0,32,0,0,0
05,003,050403,OPEN END III                  ,26/01/2026,A,A,0957330,"HILO 12,5 LISO OE CARDA TECEL",06:00,14:00,90000,300,5.3,0000000106,12.5,"8,00","18,74","737,73","122,00","103,74","829,89","535,10","64,5","76,0",00096,"1,006",9500,1,92,12,17,62,4,12,3,4,19,2,0,0,184,0,0,0
05,003,050403,OPEN END III                  ,26/01/2026,A,B,0957330,"HILO 12,5 LISO OE CARDA TECEL",06:00,14:00,90000,300,5.3,0000000106,12.5,"8,00","18,74","737,73","122,00","103,74","829,89","440,20","53,0","62,7",00096,"1,006",9500,1,50,17,20,52,8,23,22,7,32,1,0,0,150,0,0,0
05,003,050403,OPEN END III                  ,26/01/2026,B,A,0957330,"HILO 12,5 LISO OE CARDA TECEL",14:00,22:00,90000,300,5.3,0000000106,12.5,"8,00","18,74","737,73","122,00","103,74","829,89","612,50","73,8","73,9",00096,"1,006",9500,1,77,9,33,39,13,18,3,8,33,1,0,0,333,0,0,0
05,003,050403,OPEN END III                  ,26/01/2026,B,B,0957330,"HILO 12,5 LISO OE CARDA TECEL",14:00,22:00,90000,300,5.3,0000000106,12.5,"8,00","18,74","737,73","122,00","103,74","829,89","634,40","76,4","76,6",00096,"1,006",9500,1,44,1,21,23,5,13,12,3,29,0,0,0,240,0,0,0
05,003,050403,OPEN END III                  ,26/01/2026,C,A,0957330,"HILO 12,5 LISO OE CARDA TECEL",22:00,06:00,90000,300,5.3,0000000106,12.5,"8,00","18,74","737,73","122,00","103,74","829,89","790,00","95,2","95,2",00096,"1,006",9500,2,77,15,47,32,4,17,3,5,21,0,0,0,135,0,0,0
05,003,050403,OPEN END III                  ,26/01/2026,C,B,0957330,"HILO 12,5 LISO OE CARDA TECEL",22:00,06:00,90000,300,5.3,0000000106,12.5,"8,00","18,74","737,73","122,00","103,74","829,89","798,70","96,2","96,7",00096,"1,006",9500,3,82,10,50,43,7,27,17,1,19,0,0,0,179,0,0,0
05,003,050403,OPEN END III                  ,27/01/2026,A,A,0957330,"HILO 12,5 LISO OE CARDA TECEL",06:00,14:00,90000,300,5.3,0000000106,12.5,"8,00","18,74","737,73","122,00","103,74","829,89","790,20","95,2","95,0",00096,"1,006",9500,2,56,7,37,31,7,10,15,5,11,0,0,0,135,0,0,0
05,003,050403,OPEN END III                  ,27/01/2026,A,B,0957330,"HILO 12,5 LISO OE CARDA TECEL",06:00,14:00,90000,300,5.3,0000000106,12.5,"8,00","18,74","737,73","122,00","103,74","829,89","798,40","96,2","96,7",00096,"1,006",9500,0,61,11,48,43,14,20,17,2,13,1,0,0,111,0,0,0
05,003,050403,OPEN END III                  ,27/01/2026,C,A,0957330,"HILO 12,5 LISO OE CARDA TECEL",22:00,06:00,90000,300,5.3,0000000106,12.5,"8,00","18,74","737,73","122,00","103,74","829,89","775,70","93,5","93,5",00096,"1,006",9500,0,49,9,23,21,15,19,7,8,3,0,0,0,95,0,0,0
05,003,050403,OPEN END III                  ,27/01/2026,B,B,0957330,"HILO 12,5 LISO OE CARDA TECEL",14:00,22:00,90000,300,5.3,0000000106,12.5,"8,00","18,74","737,73","122,00","103,74","829,89","771,30","92,9","93,4",00096,"1,006",9500,1,26,11,34,13,6,12,13,2,27,1,0,0,250,0,0,0
05,003,050403,OPEN END III                  ,27/01/2026,B,A,0957330,"HILO 12,5 LISO OE CARDA TECEL",14:00,22:00,90000,300,5.3,0000000106,12.5,"8,00","18,74","737,73","122,00","103,74","829,89","702,10","84,6","84,8",00096,"1,006",9500,0,40,10,35,28,26,33,24,7,6,1,0,0,305,0,0,0
05,003,050403,OPEN END III                  ,27/01/2026,C,B,0957330,"HILO 12,5 LISO OE CARDA TECEL",22:00,06:00,90000,300,5.3,0000000106,12.5,"8,00","18,74","737,73","122,00","103,74","829,89","803,80","96,9","97,3",00096,"1,006",9500,1,70,7,38,39,13,22,17,3,8,0,0,0,169,0,0,0
05,003,050403,OPEN END III                  ,28/01/2026,B,A,0957330,"HILO 12,5 LISO OE CARDA TECEL",14:00,22:00,90000,300,5.3,0000000106,12.5,"8,00","18,74","737,73","122,00","103,74","829,89","790,40","95,2","95,3",00096,"1,006",9500,0,36,9,50,24,10,20,3,1,1,0,0,0,110,0,0,0
05,003,050403,OPEN END III                  ,28/01/2026,B,B,0957330,"HILO 12,5 LISO OE CARDA TECEL",14:00,22:00,90000,300,5.3,0000000106,12.5,"8,00","18,74","737,73","122,00","103,74","829,89","794,80","95,8","96,2",00096,"1,006",9500,0,23,7,22,18,10,8,12,2,7,0,0,0,97,0,0,0
05,003,050403,OPEN END III                  ,28/01/2026,C,A,0957330,"HILO 12,5 LISO OE CARDA TECEL",22:00,06:00,90000,300,5.3,0000000106,12.5,"8,00","18,74","737,73","122,00","103,74","829,89","778,80","93,8","93,9",00096,"1,006",9500,1,47,10,39,21,7,21,8,3,24,0,0,0,103,0,0,0
05,003,050403,OPEN END III                  ,28/01/2026,C,B,0957330,"HILO 12,5 LISO OE CARDA TECEL",22:00,06:00,90000,300,5.3,0000000106,12.5,"8,00","18,74","737,73","122,00","103,74","829,89","798,30","96,2","96,7",00096,"1,006",9500,1,55,12,47,37,18,28,15,2,9,0,0,0,136,0,0,0
05,003,050403,OPEN END III                  ,28/01/2026,A,A,0957330,"HILO 12,5 LISO OE CARDA TECEL",06:00,14:00,90000,300,5.3,0000000106,12.5,"8,00","18,74","737,73","122,00","103,74","829,89","795,60","95,9","95,9",00096,"1,006",9500,1,28,4,23,16,9,16,1,3,2,0,0,0,82,0,0,0
05,003,050403,OPEN END III                  ,28/01/2026,A,B,0957330,"HILO 12,5 LISO OE CARDA TECEL",06:00,14:00,90000,300,5.3,0000000106,12.5,"8,00","18,74","737,73","122,00","103,74","829,89","800,20","96,4","96,9",00096,"1,006",9500,1,56,6,27,25,13,12,28,4,26,0,0,0,124,0,0,0
05,003,050403,OPEN END III                  ,29/01/2026,C,A,0957330,"HILO 12,5 LISO OE CARDA TECEL",22:00,06:00,90000,300,5.3,0000000106,12.5,"8,00","18,74","737,73","122,00","103,74","829,89","780,40","94,0","94,1",00096,"1,006",9500,2,31,8,52,19,14,27,5,2,9,0,0,0,110,0,0,0
05,003,050403,OPEN END III                  ,29/01/2026,B,B,0957330,"HILO 12,5 LISO OE CARDA TECEL",14:00,22:00,90000,300,5.3,0000000106,12.5,"8,00","18,74","737,73","122,00","103,74","829,89","789,50","95,1","95,6",00096,"1,006",9500,1,39,6,37,16,12,12,11,2,9,1,0,0,89,0,0,0
05,003,050403,OPEN END III                  ,29/01/2026,B,A,0957330,"HILO 12,5 LISO OE CARDA TECEL",14:00,22:00,90000,300,5.3,0000000106,12.5,"8,00","18,74","737,73","122,00","103,74","829,89","783,40","94,4","94,5",00096,"1,006",9500,0,13,9,42,15,10,19,4,1,0,1,0,0,71,0,0,0
05,003,050403,OPEN END III                  ,29/01/2026,A,B,0957330,"HILO 12,5 LISO OE CARDA TECEL",06:00,14:00,90000,300,5.3,0000000106,12.5,"8,00","18,74","737,73","122,00","103,74","829,89","799,40","96,3","96,8",00096,"1,006",9500,3,56,4,36,31,8,18,19,3,13,0,0,0,149,0,0,0
05,003,050403,OPEN END III                  ,29/01/2026,A,A,0957330,"HILO 12,5 LISO OE CARDA TECEL",06:00,14:00,90000,300,5.3,0000000106,12.5,"8,00","18,74","737,73","122,00","103,74","829,89","786,50","94,8","94,9",00096,"1,006",9500,0,66,5,19,47,17,7,8,2,0,0,0,0,126,0,0,0
05,003,050403,OPEN END III                  ,29/01/2026,C,B,0957330,"HILO 12,5 LISO OE CARDA TECEL",22:00,06:00,90000,300,5.3,0000000106,12.5,"8,00","18,74","737,73","122,00","103,74","829,89","798,40","96,2","96,7",00096,"1,006",9500,1,56,4,26,35,7,9,9,0,2,2,0,0,116,0,0,0
05,003,050403,OPEN END III                  ,30/01/2026,C,A,0957330,"HILO 12,5 LISO OE CARDA TECEL",22:00,06:00,90000,300,5.3,0000000107,12.5,"8,00","18,74","737,73","122,00","103,74","829,89","780,90","94,1","94,2",00096,"1,006",9500,3,41,12,29,18,13,23,8,3,20,0,0,0,142,0,0,0
05,003,050403,OPEN END III                  ,30/01/2026,B,B,0957330,"HILO 12,5 LISO OE CARDA TECEL",14:00,22:00,90000,300,5.3,0000000107,12.5,"8,00","18,74","737,73","122,00","103,74","829,89","798,50","96,2","96,7",00096,"1,006",9500,2,54,8,32,26,5,21,10,1,9,0,0,0,86,0,0,0
05,003,050403,OPEN END III                  ,30/01/2026,B,A,0957330,"HILO 12,5 LISO OE CARDA TECEL",14:00,22:00,90000,300,5.3,0000000107,12.5,"8,00","18,74","737,73","122,00","103,74","829,89","781,30","94,1","94,2",00096,"1,006",9500,2,28,9,42,18,7,22,5,3,0,0,0,0,130,0,0,0
05,003,050403,OPEN END III                  ,30/01/2026,A,B,0957330,"HILO 12,5 LISO OE CARDA TECEL",06:00,14:00,90000,300,5.3,0000000106,12.5,"8,00","18,74","737,73","122,00","103,74","829,89","798,80","96,3","96,7",00096,"1,006",9500,0,51,12,31,32,8,18,11,2,11,1,0,0,174,0,0,0
05,003,050403,OPEN END III                  ,30/01/2026,A,A,0957330,"HILO 12,5 LISO OE CARDA TECEL",06:00,14:00,90000,300,5.3,0000000106,12.5,"8,00","18,74","737,73","122,00","103,74","829,89","782,50","94,3","94,4",00096,"1,006",9500,0,39,8,21,25,10,5,7,1,3,0,0,0,104,0,0,0
05,003,050403,OPEN END III                  ,30/01/2026,C,B,0957330,"HILO 12,5 LISO OE CARDA TECEL",22:00,06:00,90000,300,5.3,0000000107,12.5,"8,00","18,74","737,73","122,00","103,74","829,89","799,40","96,3","96,8",00096,"1,006",9500,1,68,9,47,41,8,24,15,1,17,1,0,0,168,0,0,0
05,003,050403,OPEN END III                  ,31/01/2026,A,A,0957330,"HILO 12,5 LISO OE CARDA TECEL",06:00,14:00,90000,300,5.3,0000000107,12.5,"8,00","18,74","737,73","122,00","103,74","829,89","787,20","94,9","94,9",00096,"0,000",0,0,0,0,0,0,0,0,0,0,0,0,0,0,0,0,0,0
05,003,050403,OPEN END III                  ,31/01/2026,A,B,0957330,"HILO 12,5 LISO OE CARDA TECEL",06:00,14:00,90000,300,5.3,0000000107,12.5,"8,00","18,74","737,73","122,00","103,74","829,89","787,80","94,9","95,4",00096,"0,000",0,0,0,0,0,0,0,0,0,0,0,0,0,0,0,0,0,0
05,003,050403,OPEN END III                  ,31/01/2026,B,A,0957330,"HILO 12,5 LISO OE CARDA TECEL",14:00,22:00,90000,300,5.3,0000000107,12.5,"8,00","18,74","737,73","122,00","103,74","829,89","787,90","94,9","95,0",00096,"1,006",9500,0,30,9,19,16,5,7,4,5,6,0,0,0,100,0,0,0
05,003,050403,OPEN END III                  ,31/01/2026,B,B,0957330,"HILO 12,5 LISO OE CARDA TECEL",14:00,22:00,90000,300,5.3,0000000107,12.5,"8,00","18,74","737,73","122,00","103,74","829,89","786,60","94,8","95,2",00096,"1,006",9500,2,27,7,21,18,3,4,5,0,6,0,0,0,99,0,0,0
05,003,050403,OPEN END III                  ,31/01/2026,C,A,0957330,"HILO 12,5 LISO OE CARDA TECEL",22:00,06:00,90000,300,5.3,0000000107,12.5,"8,00","18,74","737,73","122,00","103,74","829,89","788,40","95,0","95,1",00007,"1,006",9500,2,40,6,31,20,9,6,3,3,15,1,0,0,112,0,0,0
05,003,050403,OPEN END III                  ,31/01/2026,C,B,0957330,"HILO 12,5 LISO OE CARDA TECEL",22:00,06:00,90000,300,5.3,0000000107,12.5,"8,00","18,74","737,73","122,00","103,74","829,89","793,50","95,6","96,1",00007,"1,006",9500,1,40,7,28,26,11,10,6,1,11,2,0,0,127,0,0,0
05,003,050403,OPEN END III                  ,02/02/2026,A,A,0957330,"HILO 12,5 LISO OE CARDA TECEL",06:00,14:00,90000,600,5.3,0000000107,12.5,"8,00","18,74","737,73","122,00","207,47","1.659,77","632,20","38,1","75,9",00096,"1,006",9500,0,44,6,17,19,3,7,4,5,36,1,0,0,136,0,0,0
05,003,050403,OPEN END III                  ,02/02/2026,A,B,0957330,"HILO 12,5 LISO OE CARDA TECEL",06:00,14:00,90000,600,5.3,0000000107,12.5,"8,00","18,74","737,73","122,00","207,47","1.659,77","698,00","42,1","84,4",00096,"1,006",9500,1,38,6,17,30,6,6,17,5,36,0,0,0,105,0,0,0
05,003,050403,OPEN END III                  ,02/02/2026,B,A,0957330,"HILO 12,5 LISO OE CARDA TECEL",14:00,22:00,90000,300,5.3,0000000107,12.5,"8,00","18,74","737,73","122,00","103,74","829,89","797,20","96,1","95,9",00096,"1,006",9500,2,46,7,44,27,11,30,5,3,4,0,0,0,116,0,0,0
05,003,050403,OPEN END III                  ,02/02/2026,B,B,0957330,"HILO 12,5 LISO OE CARDA TECEL",14:00,22:00,90000,300,5.3,0000000107,12.5,"8,00","18,74","737,73","122,00","103,74","829,89","788,60","95,0","95,5",00096,"1,006",9500,1,47,4,32,19,12,8,5,3,10,0,0,0,83,0,0,0
05,003,050403,OPEN END III                  ,02/02/2026,C,A,0957330,"HILO 12,5 LISO OE CARDA TECEL",22:00,06:00,90000,300,5.3,0000000107,12.5,"8,00","18,74","737,73","122,00","103,74","829,89","796,40","96,0","95,8",00096,"1,006",9500,3,53,13,36,21,8,24,4,2,12,0,0,0,103,0,0,0
05,003,050403,OPEN END III                  ,02/02/2026,C,B,0957330,"HILO 12,5 LISO OE CARDA TECEL",22:00,06:00,90000,300,5.3,0000000107,12.5,"8,00","18,74","737,73","122,00","103,74","829,89","805,20","97,0","97,2",00096,"1,006",9500,0,42,9,62,22,12,18,11,2,4,0,0,0,133,0,0,0
FILIAL,LOC. FISICO,MAQUINA,NOME_MAQUINA,DATA_PRODUCAO,TURNO,LADO,ITEM,DESC ITEM,HORA INICIAL,HORA FINAL,RPM,NUM FUSOS,ALFA,LOTE PRODUC,TÍTULO,TEMPO,TORCAO P POLEG,TORCAO P METRO,PROD MT/MIN,PROD KG/HR,PROD CALCULADA,PROD INFORMADA,EFIC CALCULADA,EFIC INFORMADA,OPERADOR,T.BOB.,RPM CARD,N,S,L,T,MO,CP V+ SL+,CM V- SL-,CCp C+,CCm C-,JP (P+),JM (P-),CVP,CVM,CORT NAT,% ROB 01,% ROB 02,% ROB 03
05,003,050403,OPEN END III                  ,03/02/2026,A,A,0957330,"HILO 12,5 LISO OE CARDA TECEL",06:00,14:00,90000,300,5.3,0000000107,12.5,"8,00","18,74","737,73","122,00","103,74","829,89","796,90","96,0","95,7",00096,"1,006",9500,3,39,10,31,30,10,22,9,3,12,2,0,0,121,0,0,0
05,003,050403,OPEN END III                  ,03/02/2026,C,B,0957330,"HILO 12,5 LISO OE CARDA TECEL",22:00,06:00,90000,300,5.3,0000000107,12.5,"8,00","18,74","737,73","122,00","103,74","829,89","802,30","96,7","96,8",00096,"1,006",9500,2,37,8,46,25,11,21,22,5,19,1,0,0,166,0,0,0
05,003,050403,OPEN END III                  ,03/02/2026,C,A,0957330,"HILO 12,5 LISO OE CARDA TECEL",22:00,06:00,90000,300,5.3,0000000107,12.5,"8,00","18,74","737,73","122,00","103,74","829,89","772,40","93,1","92,8",00096,"1,006",9500,4,41,8,26,25,8,22,5,2,18,2,0,0,226,0,0,0
05,003,050403,OPEN END III                  ,03/02/2026,B,B,0957330,"HILO 12,5 LISO OE CARDA TECEL",14:00,22:00,90000,300,5.3,0000000107,12.5,"8,00","18,74","737,73","122,00","103,74","829,89","797,10","96,0","96,2",00096,"1,006",9500,3,30,9,16,17,8,7,8,2,8,0,0,0,74,0,0,0
05,003,050403,OPEN END III                  ,03/02/2026,B,A,0957330,"HILO 12,5 LISO OE CARDA TECEL",14:00,22:00,90000,300,5.3,0000000107,12.5,"8,00","18,74","737,73","122,00","103,74","829,89","793,50","95,6","95,4",00096,"1,006",9500,0,38,5,63,38,9,24,5,4,11,0,0,0,117,0,0,0
05,003,050403,OPEN END III                  ,03/02/2026,A,B,0957330,"HILO 12,5 LISO OE CARDA TECEL",06:00,14:00,90000,300,5.3,0000000107,12.5,"8,00","18,74","737,73","122,00","103,74","829,89","795,70","95,9","96,0",00096,"1,006",9500,2,27,4,36,18,9,26,17,2,2,0,0,0,110,0,0,0
05,003,050403,OPEN END III                  ,04/02/2026,B,A,0957330,"HILO 12,5 LISO OE CARDA TECEL",14:00,22:00,90000,300,5.3,0000000107,12.5,"8,00","18,74","737,73","122,00","103,74","829,89","655,70","79,0","78,9",00096,"1,006",9500,0,29,8,46,39,9,29,7,1,22,0,0,0,125,0,0,0
05,003,050403,OPEN END III                  ,04/02/2026,A,B,0957330,"HILO 12,5 LISO OE CARDA TECEL",06:00,14:00,90000,300,5.3,0000000107,12.5,"8,00","18,74","737,73","122,00","103,74","829,89","794,90","95,8","95,9",00096,"1,006",9500,3,36,7,43,26,7,23,24,1,9,0,0,0,105,0,0,0
05,003,050403,OPEN END III                  ,04/02/2026,A,A,0957330,"HILO 12,5 LISO OE CARDA TECEL",06:00,14:00,90000,300,5.3,0000000107,12.5,"8,00","18,74","737,73","122,00","103,74","829,89","788,00","95,0","94,8",00096,"1,006",9500,1,48,9,30,29,10,16,5,1,8,0,0,0,107,0,0,0
05,003,050403,OPEN END III                  ,04/02/2026,B,B,0957330,"HILO 12,5 LISO OE CARDA TECEL",14:00,22:00,90000,300,5.3,0000000107,12.5,"8,00","18,74","737,73","122,00","103,74","829,89","702,80","84,7","85,0",00096,"1,006",9500,2,34,9,57,11,12,20,15,1,59,5,0,0,151,0,0,0
05,003,050403,OPEN END III                  ,04/02/2026,C,A,0957330,"HILO 12,5 LISO OE CARDA TECEL",22:00,06:00,90000,300,5.3,0000000107,12.5,"8,00","18,74","737,73","122,00","103,74","829,89","789,30","95,1","94,9",00096,"1,006",9500,1,29,9,33,22,11,18,10,3,4,0,0,0,97,0,0,0
05,003,050403,OPEN END III                  ,04/02/2026,C,B,0957330,"HILO 12,5 LISO OE CARDA TECEL",22:00,06:00,90000,300,5.3,0000000107,12.5,"8,00","18,74","737,73","122,00","103,74","829,89","798,60","96,2","96,5",00096,"1,006",9500,2,36,7,58,18,10,27,22,1,15,3,0,0,119,0,0,0
05,003,050403,OPEN END III                  ,05/02/2026,B,A,0957330,"HILO 12,5 LISO OE CARDA TECEL",14:00,22:00,90000,300,5.3,0000000107,12.5,"8,00","18,74","737,73","122,00","103,74","829,89","787,90","94,9","94,7",00096,"1,006",9500,4,18,10,53,12,13,32,6,4,0,0,0,0,81,0,0,0
05,003,050403,OPEN END III                  ,05/02/2026,A,B,0957330,"HILO 12,5 LISO OE CARDA TECEL",06:00,14:00,90000,300,5.3,0000000107,12.5,"8,00","18,74","737,73","122,00","103,74","829,89","798,80","96,3","96,5",00096,"1,006",9500,1,18,8,58,17,14,16,15,3,2,1,0,0,126,0,0,0
05,003,050403,OPEN END III                  ,05/02/2026,A,A,0957330,"HILO 12,5 LISO OE CARDA TECEL",06:00,14:00,90000,300,5.3,0000000107,12.5,"8,00","18,74","737,73","122,00","103,74","829,89","789,60","95,1","94,9",00096,"1,006",9500,1,19,8,34,32,16,13,17,0,1,0,0,0,70,0,0,0
05,003,050403,OPEN END III                  ,05/02/2026,B,B,0957330,"HILO 12,5 LISO OE CARDA TECEL",14:00,22:00,90000,300,5.3,0000000107,12.5,"8,00","18,74","737,73","122,00","103,74","829,89","788,30","95,0","95,2",00096,"1,006",9500,1,22,9,39,9,17,22,4,2,5,0,0,0,132,0,0,0
05,003,050403,OPEN END III                  ,05/02/2026,C,B,0957330,"HILO 12,5 LISO OE CARDA TECEL",22:00,06:00,90000,300,5.3,0000000107,12.5,"8,00","18,74","737,73","122,00","103,74","829,89","799,90","96,4","96,6",00096,"1,006",9500,2,35,7,46,16,10,19,9,4,9,0,0,0,87,0,0,0
05,003,050403,OPEN END III                  ,05/02/2026,C,A,0957330,"HILO 12,5 LISO OE CARDA TECEL",22:00,06:00,90000,300,5.3,0000000107,12.5,"8,00","18,74","737,73","122,00","103,74","829,89","792,70","95,5","95,3",00096,"1,006",9500,1,21,8,47,11,12,21,16,1,5,0,0,0,85,0,0,0
05,003,050403,OPEN END III                  ,06/02/2026,A,A,0957330,"HILO 12,5 LISO OE CARDA TECEL",06:00,14:00,90000,300,5.3,0000000107,12.5,"8,00","18,74","737,73","122,00","103,74","829,89","454,30","54,7","54,7",00096,"1,006",9500,1,17,3,16,12,7,7,6,1,10,0,0,0,71,0,0,0
05,003,050403,OPEN END III                  ,06/02/2026,A,B,0957330,"HILO 12,5 LISO OE CARDA TECEL",06:00,14:00,90000,300,5.3,0000000107,12.5,"8,00","18,74","737,73","122,00","103,74","829,89","517,00","62,3","62,5",00096,"1,006",9500,0,24,10,11,9,6,15,12,2,43,0,0,0,83,0,0,0
05,003,050403,OPEN END III                  ,06/02/2026,C,B,0957330,"HILO 12,5 LISO OE CARDA TECEL",22:00,06:00,90000,300,5.3,0000000107,12.5,"8,00","18,74","737,73","122,00","103,74","829,89","805,90","97,1","97,7",00096,"1,006",9500,1,26,10,45,18,10,16,8,1,6,0,0,0,104,0,0,0
05,003,050403,OPEN END III                  ,06/02/2026,C,A,0957330,"HILO 12,5 LISO OE CARDA TECEL",22:00,06:00,90000,300,5.3,0000000107,12.5,"8,00","18,74","737,73","122,00","103,74","829,89","799,00","96,3","96,4",00096,"1,006",9500,0,21,4,19,13,6,15,8,3,10,0,0,0,90,0,0,0
05,003,050403,OPEN END III                  ,06/02/2026,B,A,0957330,"HILO 12,5 LISO OE CARDA TECEL",14:00,22:00,90000,300,5.3,0000000107,12.5,"8,00","18,74","737,73","122,00","103,74","829,89","797,20","96,1","96,1",00096,"1,006",9500,3,38,6,26,17,3,20,2,1,0,0,0,0,128,0,0,0
05,003,050403,OPEN END III                  ,06/02/2026,B,B,0957330,"HILO 12,5 LISO OE CARDA TECEL",14:00,22:00,90000,300,5.3,0000000107,12.5,"8,00","18,74","737,73","122,00","103,74","829,89","791,90","95,4","96,0",00096,"1,006",9500,0,16,7,14,16,13,10,5,1,10,1,0,0,72,0,0,0
05,003,050403,OPEN END III                  ,07/02/2026,A,A,0957330,"HILO 12,5 LISO OE CARDA TECEL",06:00,14:00,90000,300,5.3,0000000107,12.5,"8,00","18,74","737,73","122,00","103,74","829,89","799,20","96,3","96,2",00096,"0,000",0,0,0,0,0,0,0,0,0,0,0,0,0,0,0,0,0,0
05,003,050403,OPEN END III                  ,07/02/2026,A,B,0957330,"HILO 12,5 LISO OE CARDA TECEL",06:00,14:00,90000,300,5.3,0000000107,12.5,"8,00","18,74","737,73","122,00","103,74","829,89","793,10","95,6","96,1",00096,"0,000",0,0,0,0,0,0,0,0,0,0,0,0,0,0,0,0,0,0
05,007,050407,OPEN END R60                  ,12/01/2026,A,U,0957330,"HILO 12,5 LISO OE CARDA TECEL",06:00,14:00,90000,540,5.3,0000000105,12.5,"8,00","18,74","737,73","122,00","186,72","1.493,80","181,60","12,2","37,3",00096,"1,003",9500,6,15,30,13,3,3,0,17,11,1,1,0,0,26,95,92,91
05,007,050407,OPEN END R60                  ,12/01/2026,B,U,0957330,"HILO 12,5 LISO OE CARDA TECEL",14:00,22:00,90000,540,5.3,0000000105,12.5,"8,00","18,74","737,73","122,00","186,72","1.493,80","0,00","0,0","0,0",00096,"0,000",0,0,0,0,0,0,0,0,0,0,0,0,0,0,0,0,0,0
05,007,050407,OPEN END R60                  ,12/01/2026,C,U,0957330,"HILO 12,5 LISO OE CARDA TECEL",22:00,06:00,90000,540,5.3,0000000105,12.5,"8,00","18,74","737,73","122,00","186,72","1.493,80","1.056,30","70,7","76,4",00096,"1,003",9500,15,32,86,28,15,5,1,15,92,1,5,0,0,15,98,100,100
05,007,050407,OPEN END R60                  ,13/01/2026,A,U,0957330,"HILO 12,5 LISO OE CARDA TECEL",06:00,14:00,90000,540,5.3,0000000105,12.5,"8,00","18,74","737,73","122,00","186,72","1.493,80","769,10","51,5","51,3",00096,"1,003",9500,14,33,62,24,9,0,0,9,32,1,0,0,0,56,94,97,98
05,007,050407,OPEN END R60                  ,13/01/2026,C,U,0957330,"HILO 12,5 LISO OE CARDA TECEL",22:00,06:00,90000,540,5.3,0000000105,12.5,"8,00","18,74","737,73","122,00","186,72","1.493,80","1.178,80","78,9","78,7",00096,"1,003",9500,19,40,85,48,12,0,0,10,77,3,7,0,0,95,94,94,98
05,007,050407,OPEN END R60                  ,14/01/2026,A,U,0957330,"HILO 12,5 LISO OE CARDA TECEL",06:00,14:00,90000,540,5.3,0000000105,12.5,"8,00","18,74","737,73","122,00","186,72","1.493,80","1.445,70","96,8","96,6",00096,"1,003",9500,23,65,105,57,16,5,0,18,69,2,8,0,0,108,96,96,95
05,007,050407,OPEN END R60                  ,14/01/2026,B,U,0957330,"HILO 12,5 LISO OE CARDA TECEL",14:00,22:00,90000,540,5.3,0000000105,12.5,"8,00","18,74","737,73","122,00","186,72","1.493,80","0,00","0,0","0,0",00096,"0,000",0,0,0,0,0,0,0,0,0,0,0,0,0,0,0,0,0,0
05,007,050407,OPEN END R60                  ,14/01/2026,C,U,0957330,"HILO 12,5 LISO OE CARDA TECEL",22:00,06:00,90000,540,5.3,0000000105,12.5,"8,00","18,74","737,73","122,00","186,72","1.493,80","922,10","61,7","61,6",00096,"1,003",9500,9,59,95,64,10,2,0,6,59,4,10,0,0,83,92,86,96
05,007,050407,OPEN END R60                  ,15/01/2026,A,U,0957330,"HILO 12,5 LISO OE CARDA TECEL",06:00,14:00,90000,540,5.3,0000000105,12.5,"8,00","18,74","737,73","122,00","186,72","1.493,80","76,30","5,1","5,1",00096,"0,998",9500,1,5,3,6,0,0,0,1,9,0,0,0,0,7,100,100,80
05,007,050407,OPEN END R60                  ,15/01/2026,B,U,0957330,"HILO 12,5 LISO OE CARDA TECEL",14:00,22:00,90000,540,5.3,0000000105,12.5,"8,00","18,74","737,73","122,00","186,72","1.493,80","0,00","0,0","0,0",00096,"0,000",0,0,0,0,0,0,0,0,0,0,0,0,0,0,0,0,0,0
05,007,050407,OPEN END R60                  ,15/01/2026,C,U,0957330,"HILO 12,5 LISO OE CARDA TECEL",22:00,06:00,90000,540,5.3,0000000105,12.5,"8,00","18,74","737,73","122,00","186,72","1.493,80","0,00","0,0","0,0",00096,"0,000",0,0,0,0,0,0,0,0,0,0,0,0,0,0,0,0,0,0
05,007,050407,OPEN END R60                  ,20/01/2026,A,U,0804526,HILO 10/1 FANTA OE CARDA TECEL,06:00,14:00,72500,540,5.3,0000000105,10,"8,00","16,76","659,84","109,87","210,21","1.681,71","154,90","9,2","30,5",00096,"0,997",9500,0,11,14,0,0,0,0,1,9,0,0,0,0,35,98,92,93
05,007,050407,OPEN END R60                  ,20/01/2026,B,U,0804526,HILO 10/1 FANTA OE CARDA TECEL,14:00,22:00,72500,540,5.3,0000000105,10,"8,00","16,76","659,84","109,87","210,21","1.681,71","1.567,40","93,2","93,8",00096,"0,997",9500,1,9,118,0,2,0,0,13,62,2,6,0,0,219,95,96,93
05,007,050407,OPEN END R60                  ,20/01/2026,C,U,0804526,HILO 10/1 FANTA OE CARDA TECEL,22:00,06:00,72500,540,5.3,0000000105,10,"8,00","16,76","659,84","109,87","210,21","1.681,71","1.334,80","79,4","80,0",00096,"0,997",9500,2,12,89,0,0,1,0,18,65,0,11,0,0,136,95,93,97
05,007,050407,OPEN END R60                  ,21/01/2026,A,U,0804526,HILO 10/1 FANTA OE CARDA TECEL,06:00,14:00,72500,540,5.3,0000000105,10,"8,00","16,76","659,84","109,87","210,21","1.681,71","1.637,00","97,3","98,1",00096,"0,997",9500,1,11,101,0,1,0,1,10,51,1,7,0,0,122,97,97,96
05,007,050407,OPEN END R60                  ,21/01/2026,B,U,0804526,HILO 10/1 FANTA OE CARDA TECEL,14:00,22:00,72500,540,5.3,0000000105,10,"8,00","16,76","659,84","109,87","210,21","1.681,71","1.616,70","96,1","96,9",00096,"0,997",9500,3,5,104,0,1,0,0,13,47,0,3,0,0,100,96,92,95
05,007,050407,OPEN END R60                  ,21/01/2026,C,U,0804526,HILO 10/1 FANTA OE CARDA TECEL,22:00,06:00,72500,540,5.3,0000000105,10,"8,00","16,76","659,84","109,87","210,21","1.681,71","1.641,30","97,6","98,4",00096,"0,997",9500,1,12,113,0,1,0,1,10,40,3,0,0,0,127,97,97,96
05,007,050407,OPEN END R60                  ,22/01/2026,A,U,0804526,HILO 10/1 FANTA OE CARDA TECEL,06:00,14:00,72500,540,5.3,0000000106,10,"8,00","16,76","659,84","109,87","210,21","1.681,71","1.651,80","98,2","99,0",00096,"0,997",9500,4,8,118,0,3,0,0,13,27,2,7,0,0,98,96,95,97
05,007,050407,OPEN END R60                  ,22/01/2026,B,U,0804526,HILO 10/1 FANTA OE CARDA TECEL,14:00,22:00,72500,540,5.3,0000000106,10,"8,00","16,76","659,84","109,87","210,21","1.681,71","1.617,80","96,2","97,6",00096,"0,997",9500,2,7,135,0,0,2,2,11,75,0,9,0,0,107,94,97,97
05,007,050407,OPEN END R60                  ,22/01/2026,C,U,0804526,HILO 10/1 FANTA OE CARDA TECEL,22:00,06:00,72500,540,5.3,0000000106,10,"8,00","16,76","659,84","109,87","210,21","1.681,71","1.611,60","95,8","97,6",00096,"0,997",9500,0,11,101,0,0,0,0,20,45,1,2,0,0,146,96,99,93
FILIAL,LOC. FISICO,MAQUINA,NOME_MAQUINA,DATA_PRODUCAO,TURNO,LADO,ITEM,DESC ITEM,HORA INICIAL,HORA FINAL,RPM,NUM FUSOS,ALFA,LOTE PRODUC,TÍTULO,TEMPO,TORCAO P POLEG,TORCAO P METRO,PROD MT/MIN,PROD KG/HR,PROD CALCULADA,PROD INFORMADA,EFIC CALCULADA,EFIC INFORMADA,OPERADOR,T.BOB.,RPM CARD,N,S,L,T,MO,CP V+ SL+,CM V- SL-,CCp C+,CCm C-,JP (P+),JM (P-),CVP,CVM,CORT NAT,% ROB 01,% ROB 02,% ROB 03
05,007,050407,OPEN END R60                  ,23/01/2026,A,U,0804526,HILO 10/1 FANTA OE CARDA TECEL,06:00,14:00,72500,540,5.3,0000000106,10,"8,00","16,76","659,84","109,87","210,21","1.681,71","1.618,40","96,2","98,1",00096,"0,997",9500,3,11,104,0,3,0,0,8,18,0,7,0,0,174,94,95,98
05,007,050407,OPEN END R60                  ,23/01/2026,C,U,0804526,HILO 10/1 FANTA OE CARDA TECEL,22:00,06:00,72500,540,5.3,0000000106,10,"8,00","16,76","659,84","109,87","210,21","1.681,71","0,00","0,0","0,0",00096,"0,000",0,0,0,0,0,0,0,0,0,0,0,0,0,0,0,0,0,0
05,007,050407,OPEN END R60                  ,23/01/2026,B,U,0804526,HILO 10/1 FANTA OE CARDA TECEL,14:00,22:00,72500,540,5.3,0000000106,10,"8,00","16,76","659,84","109,87","210,21","1.681,71","716,60","42,6","64,3",00096,"0,997",9500,6,9,45,0,0,0,0,6,33,1,5,0,0,93,98,91,93
05,007,050407,OPEN END R60                  ,27/01/2026,B,U,0523096,HILO 10/1 LISO OE CARDA TECEL,14:00,22:00,80000,540,5.3,0000000106,10,"8,00","16,76","659,84","121,24","231,96","1.855,68","436,70","23,5","41,8",00096,"0,998",9500,6,9,45,0,0,0,0,6,33,1,5,0,0,33,90,94,94
05,007,050407,OPEN END R60                  ,27/01/2026,A,U,0523096,HILO 10/1 LISO OE CARDA TECEL,06:00,14:00,80000,540,5.3,0000000106,10,"8,00","16,76","659,84","121,24","231,96","1.855,68","0,00","0,0","0,0",00096,"0,000",0,0,0,0,0,0,0,0,0,0,0,0,0,0,0,0,0,0
05,007,050407,OPEN END R60                  ,27/01/2026,C,U,0523096,HILO 10/1 LISO OE CARDA TECEL,22:00,06:00,80000,540,5.3,0000000106,10,"8,00","16,76","659,84","121,24","231,96","1.855,68","1.761,20","94,9","94,6",00096,"0,998",9500,3,11,29,19,4,11,4,7,39,3,1,0,0,180,89,94,95
05,007,050407,OPEN END R60                  ,28/01/2026,A,U,0523096,HILO 10/1 LISO OE CARDA TECEL,06:00,14:00,80000,540,5.3,0000000106,10,"8,00","16,76","659,84","121,24","231,96","1.855,68","1.796,10","96,8","96,5",00096,"0,000",0,0,0,0,0,0,0,0,0,0,0,0,0,0,0,0,0,0
05,007,050407,OPEN END R60                  ,28/01/2026,B,U,0523096,HILO 10/1 LISO OE CARDA TECEL,14:00,22:00,80000,540,5.3,0000000106,10,"8,00","16,76","659,84","121,24","231,96","1.855,68","306,50","16,5","11,9",00096,"0,998",9500,2,2,18,16,0,2,0,3,15,2,0,0,0,33,97,97,97
05,007,050407,OPEN END R60                  ,28/01/2026,C,U,0523096,HILO 10/1 LISO OE CARDA TECEL,22:00,06:00,80000,540,5.3,0000000106,10,"8,00","16,76","659,84","121,24","231,96","1.855,68","0,00","0,0","0,0",00096,"0,000",0,0,0,0,0,0,0,0,0,0,0,0,0,0,0,0,0,0
05,007,050407,OPEN END R60                  ,29/01/2026,B,U,0523096,HILO 10/1 LISO OE CARDA TECEL,14:00,22:00,80000,540,5.3,0000000106,10,"8,00","16,76","659,84","121,24","231,96","1.855,68","1.691,80","91,2","91,0",00096,"0,998",9500,7,23,109,74,2,14,1,24,87,13,6,0,0,114,92,96,93
05,007,050407,OPEN END R60                  ,29/01/2026,A,U,0523096,HILO 10/1 LISO OE CARDA TECEL,06:00,14:00,80000,540,5.3,0000000106,10,"8,00","16,76","659,84","121,24","231,96","1.855,68","50,00","2,7","4,5",00096,"0,998",9500,0,1,16,7,0,0,0,2,20,0,1,0,0,29,89,85,95
05,007,050407,OPEN END R60                  ,29/01/2026,C,U,0523096,HILO 10/1 LISO OE CARDA TECEL,22:00,06:00,80000,540,5.3,0000000106,10,"8,00","16,76","659,84","121,24","231,96","1.855,68","1.788,20","96,4","96,2",00096,"0,998",9500,4,32,75,121,4,11,0,21,106,5,1,0,0,187,87,97,94
05,007,050407,OPEN END R60                  ,30/01/2026,A,U,0523096,HILO 10/1 LISO OE CARDA TECEL,06:00,14:00,80000,540,5.3,0000000106,10,"8,00","16,76","659,84","121,24","231,96","1.855,68","1.701,00","91,7","91,5",00096,"0,999",9500,8,28,79,118,2,8,0,15,109,7,11,0,0,127,94,90,94
05,007,050407,OPEN END R60                  ,30/01/2026,B,U,0523096,HILO 10/1 LISO OE CARDA TECEL,14:00,22:00,80000,540,5.3,0000000106,10,"8,00","16,76","659,84","121,24","231,96","1.855,68","1.809,50","97,5","97,3",00096,"0,999",9500,2,34,115,123,5,19,0,18,85,6,4,0,0,114,91,97,94
05,007,050407,OPEN END R60                  ,30/01/2026,C,U,0523096,HILO 10/1 LISO OE CARDA TECEL,22:00,06:00,80000,540,5.3,0000000107,10,"8,00","16,76","659,84","121,24","231,96","1.855,68","1.802,80","97,2","97,0",00096,"0,999",9500,4,33,73,99,2,13,2,12,61,5,4,0,0,137,82,97,97
05,007,050407,OPEN END R60                  ,31/01/2026,A,U,0523096,HILO 10/1 LISO OE CARDA TECEL,06:00,14:00,80000,540,5.3,0000000107,10,"8,00","16,76","659,84","121,24","231,96","1.855,68","1.696,80","91,4","91,3",00096,"0,999",9500,3,43,83,149,3,9,1,14,98,8,5,0,0,63,79,89,92
05,007,050407,OPEN END R60                  ,31/01/2026,B,U,0523096,HILO 10/1 LISO OE CARDA TECEL,14:00,22:00,80000,540,5.3,0000000107,10,"8,00","16,76","659,84","121,24","231,96","1.855,68","1.700,50","91,6","91,5",00096,"0,999",9500,8,52,111,176,2,15,2,17,146,14,7,0,0,129,91,96,93
05,007,050407,OPEN END R60                  ,31/01/2026,C,U,0523096,HILO 10/1 LISO OE CARDA TECEL,22:00,06:00,80000,540,5.3,0000000107,10,"8,00","16,76","659,84","121,24","231,96","1.855,68","1.796,30","96,8","96,6",00007,"0,999",9500,5,32,87,92,0,8,1,15,75,6,8,0,0,123,88,96,94
05,007,050407,OPEN END R60                  ,02/02/2026,B,U,0957615,HILO 9.5/1 FANTA SUAVE OE CARDA TECEL,14:00,22:00,80000,540,5.4,0000000107,9.5,"8,00","16,64","655,27","122,09","245,87","1.966,98","921,50","46,8","67,3",00096,"0,998",9500,1,2,54,0,2,0,0,3,35,2,1,0,0,79,94,97,95
05,007,050407,OPEN END R60                  ,02/02/2026,A,U,0523096,HILO 10/1 LISO OE CARDA TECEL,06:00,14:00,80000,540,5.3,0000000107,10,"8,00","16,76","659,84","121,24","231,96","1.855,68","730,60","39,4","39,4",00096,"0,999",9500,3,19,30,23,2,9,0,8,37,5,0,0,0,60,83,88,87
05,007,050407,OPEN END R60                  ,02/02/2026,C,U,0957615,HILO 9.5/1 FANTA SUAVE OE CARDA TECEL,22:00,06:00,80000,540,5.3,0000000107,9.5,"8,00","16,34","643,14","124,39","250,51","2.004,09","1.836,20","91,6","95,0",00096,"0,998",9500,3,8,71,0,14,0,0,8,56,3,2,0,0,116,86,96,94
05,007,050407,OPEN END R60                  ,03/02/2026,A,U,0957615,HILO 9.5/1 FANTA SUAVE OE CARDA TECEL,06:00,14:00,80000,540,5.3,0000000107,9.5,"8,00","16,34","643,14","124,39","250,51","2.004,09","1.858,40","92,7","96,1",00096,"0,997",9500,5,12,93,0,10,2,0,15,30,0,7,0,0,134,90,94,94
05,007,050407,OPEN END R60                  ,03/02/2026,B,U,0957615,HILO 9.5/1 FANTA SUAVE OE CARDA TECEL,14:00,22:00,80000,540,5.3,0000000107,9.5,"8,00","16,34","643,14","124,39","250,51","2.004,09","1.859,20","92,8","96,2",00096,"0,997",9500,3,13,94,0,7,0,1,14,68,2,7,0,0,189,96,93,95
05,007,050407,OPEN END R60                  ,03/02/2026,C,U,0957615,HILO 9.5/1 FANTA SUAVE OE CARDA TECEL,22:00,06:00,80000,540,5.3,0000000107,9.5,"8,00","16,34","643,14","124,39","250,51","2.004,09","1.027,20","51,3","53,8",00096,"0,997",9500,1,8,55,0,3,0,0,10,24,1,5,0,0,118,88,86,89
05,007,050407,OPEN END R60                  ,04/02/2026,C,U,0957615,HILO 9.5/1 FANTA SUAVE OE CARDA TECEL,22:00,06:00,80000,540,5.3,0000000107,9.5,"8,00","16,34","643,14","124,39","250,51","2.004,09","0,00","0,0","0,0",00096,"0,000",0,0,0,0,0,0,0,0,0,0,0,0,0,0,0,0,0,0
05,007,050407,OPEN END R60                  ,04/02/2026,B,U,0957615,HILO 9.5/1 FANTA SUAVE OE CARDA TECEL,14:00,22:00,80000,540,5.3,0000000107,9.5,"8,00","16,34","643,14","124,39","250,51","2.004,09","0,00","0,0","0,0",00096,"0,000",0,0,0,0,0,0,0,0,0,0,0,0,0,0,0,0,0,0
05,007,050407,OPEN END R60                  ,05/02/2026,B,U,0804526,HILO 10/1 FANTA OE CARDA TECEL,14:00,22:00,72000,540,5.3,0000000107,10,"8,00","16,76","659,84","109,12","208,76","1.670,11","820,40","49,1","61,4",00096,"0,997",9500,2,5,49,0,4,0,1,56,25,1,2,0,0,88,95,85,96
05,007,050407,OPEN END R60                  ,05/02/2026,C,U,0804526,HILO 10/1 FANTA OE CARDA TECEL,22:00,06:00,72000,540,5.3,0000000107,10,"8,00","16,76","659,84","109,12","208,76","1.670,11","1.617,50","96,8","97,8",00096,"0,997",9500,3,7,65,0,3,0,1,11,22,0,1,0,0,186,97,95,97
05,007,050407,OPEN END R60                  ,06/02/2026,A,U,0804526,HILO 10/1 FANTA OE CARDA TECEL,06:00,14:00,72000,540,5.3,0000000107,10,"8,00","16,76","659,84","109,12","208,76","1.670,11","891,10","53,4","53,9",00096,"0,997",9500,0,6,34,0,2,0,0,3,9,1,3,0,0,103,91,93,97
05,007,050407,OPEN END R60                  ,06/02/2026,B,U,0804526,HILO 10/1 FANTA OE CARDA TECEL,14:00,22:00,72000,540,5.35,0000000107,10,"8,00","16,92","666,07","108,10","206,81","1.654,51","1.533,00","92,7","92,6",00096,"0,997",9500,6,12,104,0,1,1,1,18,39,1,7,0,0,163,98,95,96
05,007,050407,OPEN END R60                  ,06/02/2026,C,U,0804526,HILO 10/1 FANTA OE CARDA TECEL,22:00,06:00,72000,540,5.3,0000000107,10,"8,00","16,76","659,84","109,12","208,76","1.670,11","1.598,20","95,7","96,6",00096,"0,997",9500,3,14,122,0,1,3,0,40,45,7,2,0,0,151,95,97,96
05,008,050408,OPEN END RIETER R60           ,12/01/2026,A,U,0523096,HILO 10/1 LISO OE CARDA TECEL,06:00,14:00,80000,540,5.3,0000000105,10,"8,00","16,76","659,84","121,24","231,96","1.855,68","920,90","49,6","60,7",00096,"1,000",9500,6,47,180,50,19,63,1,66,83,9,1,0,0,94,88,80,92
05,008,050408,OPEN END RIETER R60           ,12/01/2026,B,U,0523096,HILO 10/1 LISO OE CARDA TECEL,14:00,22:00,80000,540,5.3,0000000105,10,"8,00","16,76","659,84","121,24","231,96","1.855,68","0,00","0,0","0,0",00096,"0,000",0,0,0,0,0,0,0,0,0,0,0,0,0,0,0,0,0,0
05,008,050408,OPEN END RIETER R60           ,12/01/2026,C,U,0523096,HILO 10/1 LISO OE CARDA TECEL,22:00,06:00,80000,540,5.3,0000000105,10,"8,00","16,76","659,84","121,24","231,96","1.855,68","1.172,20","63,2","63,0",00096,"1,000",9500,3,24,96,60,6,38,0,22,37,3,2,0,0,60,94,95,97
05,008,050408,OPEN END RIETER R60           ,13/01/2026,A,U,0523096,HILO 10/1 LISO OE CARDA TECEL,06:00,14:00,80000,540,5.3,0000000105,10,"8,00","16,76","659,84","121,24","231,96","1.855,68","1.770,80","95,4","95,2",00096,"1,000",9500,7,34,155,72,7,13,4,50,73,1,0,0,0,74,94,94,93
05,008,050408,OPEN END RIETER R60           ,13/01/2026,C,U,0523096,HILO 10/1 LISO OE CARDA TECEL,22:00,06:00,80000,540,5.3,0000000105,10,"8,00","16,76","659,84","121,24","231,96","1.855,68","1.492,20","80,4","80,3",00096,"1,000",9500,7,26,105,56,5,16,3,27,71,4,0,0,0,65,93,97,97
05,008,050408,OPEN END RIETER R60           ,14/01/2026,B,U,0523096,HILO 10/1 LISO OE CARDA TECEL,14:00,22:00,80000,540,5.3,0000000105,10,"8,00","16,76","659,84","121,24","231,96","1.855,68","0,00","0,0","0,0",00096,"0,000",0,0,0,0,0,0,0,0,0,0,0,0,0,0,0,0,0,0
05,008,050408,OPEN END RIETER R60           ,14/01/2026,A,U,0523096,HILO 10/1 LISO OE CARDA TECEL,06:00,14:00,80000,540,5.3,0000000105,10,"8,00","16,76","659,84","121,24","231,96","1.855,68","1.794,40","96,7","96,5",00096,"1,000",9500,8,40,140,85,1,9,0,41,82,7,1,0,0,84,91,96,95
05,008,050408,OPEN END RIETER R60           ,14/01/2026,C,U,0523096,HILO 10/1 LISO OE CARDA TECEL,22:00,06:00,80000,540,5.3,0000000105,10,"8,00","16,76","659,84","121,24","231,96","1.855,68","1.298,90","70,0","69,9",00096,"1,000",9500,7,31,64,44,0,8,2,14,95,1,2,0,0,81,92,86,96
05,008,050408,OPEN END RIETER R60           ,15/01/2026,A,U,0523096,HILO 10/1 LISO OE CARDA TECEL,06:00,14:00,80000,540,5.3,0000000105,10,"8,00","16,76","659,84","121,24","231,96","1.855,68","1.754,30","94,5","94,3",00096,"1,000",9500,7,36,151,83,7,8,0,17,75,2,0,0,0,92,95,95,96
05,008,050408,OPEN END RIETER R60           ,15/01/2026,B,U,0523096,HILO 10/1 LISO OE CARDA TECEL,14:00,22:00,80000,540,5.3,0000000105,10,"8,00","16,76","659,84","121,24","231,96","1.855,68","0,00","0,0","0,0",00096,"0,000",0,0,0,0,0,0,0,0,0,0,0,0,0,0,0,0,0,0
05,008,050408,OPEN END RIETER R60           ,15/01/2026,C,U,0523096,HILO 10/1 LISO OE CARDA TECEL,22:00,06:00,80000,540,5.3,0000000105,10,"8,00","16,76","659,84","121,24","231,96","1.855,68","1.464,30","78,9","79,0",00096,"1,000",9500,4,26,93,66,5,9,1,25,95,5,1,0,0,65,97,90,98
05,008,050408,OPEN END RIETER R60           ,16/01/2026,A,U,0523096,HILO 10/1 LISO OE CARDA TECEL,06:00,14:00,80000,540,5.3,0000000105,10,"8,00","16,76","659,84","121,24","231,96","1.855,68","145,80","7,9","7,9",00096,"1,000",9500,0,0,14,9,0,0,0,64,13,0,0,0,0,16,93,91,100
05,008,050408,OPEN END RIETER R60           ,16/01/2026,B,U,0523096,HILO 10/1 LISO OE CARDA TECEL,14:00,22:00,80000,540,5.3,0000000105,10,"8,00","16,76","659,84","121,24","231,96","1.855,68","0,00","0,0","0,0",00096,"0,000",0,0,0,0,0,0,0,0,0,0,0,0,0,0,0,0,0,0
05,008,050408,OPEN END RIETER R60           ,16/01/2026,C,U,0523096,HILO 10/1 LISO OE CARDA TECEL,22:00,06:00,80000,540,5.3,0000000105,10,"8,00","16,76","659,84","121,24","231,96","1.855,68","1.280,00","69,0","68,8",00096,"1,000",9500,0,30,62,45,6,5,4,18,120,1,1,0,0,73,94,86,93
05,008,050408,OPEN END RIETER R60           ,17/01/2026,A,U,0523096,HILO 10/1 LISO OE CARDA TECEL,06:00,14:00,80000,540,5.3,0000000105,10,"8,00","16,76","659,84","121,24","231,96","1.855,68","1.005,20","54,2","54,0",00096,"1,000",9500,2,20,60,30,5,5,0,12,38,3,1,0,0,56,96,97,96
FILIAL,LOC. FISICO,MAQUINA,NOME_MAQUINA,DATA_PRODUCAO,TURNO,LADO,ITEM,DESC ITEM,HORA INICIAL,HORA FINAL,RPM,NUM FUSOS,ALFA,LOTE PRODUC,TÍTULO,TEMPO,TORCAO P POLEG,TORCAO P METRO,PROD MT/MIN,PROD KG/HR,PROD CALCULADA,PROD INFORMADA,EFIC CALCULADA,EFIC INFORMADA,OPERADOR,T.BOB.,RPM CARD,N,S,L,T,MO,CP V+ SL+,CM V- SL-,CCp C+,CCm C-,JP (P+),JM (P-),CVP,CVM,CORT NAT,% ROB 01,% ROB 02,% ROB 03
05,008,050408,OPEN END RIETER R60           ,17/01/2026,C,U,0523096,HILO 10/1 LISO OE CARDA TECEL,22:00,06:00,80000,540,5.3,0000000105,10,"8,00","16,76","659,84","121,24","231,96","1.855,68","1.284,20","69,2","69,3",00092,"1,000",9500,5,39,58,50,5,3,0,6,69,2,3,0,0,54,97,88,96
05,008,050408,OPEN END RIETER R60           ,19/01/2026,A,U,0523096,HILO 10/1 LISO OE CARDA TECEL,06:00,14:00,80000,540,5.3,0000000105,10,"8,00","16,76","659,84","121,24","231,96","1.855,68","1.381,00","74,4","74,2",00096,"1,000",9500,0,8,16,8,1,1,1,1,14,0,0,0,0,117,95,93,98
05,008,050408,OPEN END RIETER R60           ,19/01/2026,B,U,0523096,HILO 10/1 LISO OE CARDA TECEL,14:00,22:00,80000,540,5.3,0000000105,10,"8,00","16,76","659,84","121,24","231,96","1.855,68","1.811,20","97,6","97,3",00096,"1,000",9500,11,55,128,75,7,17,1,17,94,2,0,0,0,119,91,93,97
05,008,050408,OPEN END RIETER R60           ,19/01/2026,C,U,0523096,HILO 10/1 LISO OE CARDA TECEL,22:00,06:00,80000,540,5.3,0000000105,10,"8,00","16,76","659,84","121,24","231,96","1.855,68","1.455,00","78,4","78,5",00096,"1,000",9500,10,59,301,73,6,24,0,23,70,2,3,0,0,128,96,97,96
05,008,050408,OPEN END RIETER R60           ,20/01/2026,A,U,0523096,HILO 10/1 LISO OE CARDA TECEL,06:00,14:00,80000,540,5.3,0000000105,10,"8,00","16,76","659,84","121,24","231,96","1.855,68","1.767,70","95,3","95,5",00096,"1,000",9500,18,85,124,89,7,17,3,18,119,5,1,0,0,232,95,93,95
05,008,050408,OPEN END RIETER R60           ,20/01/2026,B,U,0523096,HILO 10/1 LISO OE CARDA TECEL,14:00,22:00,80000,540,5.3,0000000105,10,"8,00","16,76","659,84","121,24","231,96","1.855,68","1.759,10","94,8","95,0",00096,"1,000",9500,10,54,137,101,7,15,1,16,115,2,1,0,0,110,96,94,96
05,008,050408,OPEN END RIETER R60           ,20/01/2026,C,U,0523096,HILO 10/1 LISO OE CARDA TECEL,22:00,06:00,80000,540,5.3,0000000105,10,"8,00","16,76","659,84","121,24","231,96","1.855,68","1.517,00","81,7","81,9",00096,"1,000",9500,13,57,77,64,3,26,0,22,76,3,3,0,0,79,95,95,96
05,008,050408,OPEN END RIETER R60           ,21/01/2026,A,U,0523096,HILO 10/1 LISO OE CARDA TECEL,06:00,14:00,80000,540,5.3,0000000105,10,"8,00","16,76","659,84","121,24","231,96","1.855,68","1.778,30","95,8","95,9",00096,"1,000",9500,16,77,121,135,7,26,3,28,153,2,2,0,0,116,94,92,95
05,008,050408,OPEN END RIETER R60           ,21/01/2026,B,U,0523096,HILO 10/1 LISO OE CARDA TECEL,14:00,22:00,80000,540,5.3,0000000105,10,"8,00","16,76","659,84","121,24","231,96","1.855,68","1.812,20","97,7","97,8",00096,"1,000",9500,14,61,124,102,0,14,2,32,105,6,5,0,0,85,96,94,96
05,008,050408,OPEN END RIETER R60           ,21/01/2026,C,U,0523096,HILO 10/1 LISO OE CARDA TECEL,22:00,06:00,80000,540,5.3,0000000105,10,"8,00","16,76","659,84","121,24","231,96","1.855,68","1.274,00","68,7","68,7",00096,"1,000",9500,7,44,62,35,4,3,0,7,46,1,0,0,0,54,90,92,93
05,008,050408,OPEN END RIETER R60           ,22/01/2026,A,U,0523096,HILO 10/1 LISO OE CARDA TECEL,06:00,14:00,80000,540,5.3,0000000106,10,"8,00","16,76","659,84","121,24","231,96","1.855,68","31,50","1,7","1,7",00096,"1,000",9500,0,0,1,0,0,0,0,0,2,1,0,0,0,2,100,100,100
05,008,050408,OPEN END RIETER R60           ,22/01/2026,B,U,0523096,HILO 10/1 LISO OE CARDA TECEL,14:00,22:00,80000,540,5.3,0000000106,10,"8,00","16,76","659,84","121,24","231,96","1.855,68","0,00","0,0","0,0",00096,"0,000",0,0,0,0,0,0,0,0,0,0,0,0,0,0,0,0,0,0
05,008,050408,OPEN END RIETER R60           ,22/01/2026,C,U,0523096,HILO 10/1 LISO OE CARDA TECEL,22:00,06:00,80000,540,5.3,0000000106,10,"8,00","16,76","659,84","121,24","231,96","1.855,68","0,00","0,0","0,0",00096,"0,000",0,0,0,0,0,0,0,0,0,0,0,0,0,0,0,0,0,0
05,008,050408,OPEN END RIETER R60           ,26/01/2026,B,U,0523096,HILO 10/1 LISO OE CARDA TECEL,14:00,22:00,80000,540,5.3,0000000106,10,"8,00","16,76","659,84","121,24","231,96","1.855,68","1.053,30","56,8","56,8",00096,"1,000",9500,0,43,71,68,1,22,0,17,88,4,1,0,0,85,93,93,97
05,008,050408,OPEN END RIETER R60           ,26/01/2026,A,U,0523096,HILO 10/1 LISO OE CARDA TECEL,06:00,14:00,80000,540,5.3,0000000106,10,"8,00","16,76","659,84","121,24","231,96","1.855,68","1.244,00","67,0","69,9",00096,"1,000",9500,0,0,0,0,0,0,0,0,0,0,0,0,0,126,95,94,94
05,008,050408,OPEN END RIETER R60           ,26/01/2026,C,U,0523096,HILO 10/1 LISO OE CARDA TECEL,22:00,06:00,80000,540,5.3,0000000106,10,"8,00","16,76","659,84","121,24","231,96","1.855,68","1.786,20","96,3","96,5",00096,"1,000",9500,9,57,78,81,3,4,1,10,135,3,2,0,0,117,96,88,98
05,008,050408,OPEN END RIETER R60           ,27/01/2026,A,U,0523096,HILO 10/1 LISO OE CARDA TECEL,06:00,14:00,80000,540,5.3,0000000106,10,"8,00","16,76","659,84","121,24","231,96","1.855,68","1.806,50","97,3","97,6",00096,"1,000",9500,8,48,78,92,7,6,1,22,140,3,5,0,0,101,95,91,96
05,008,050408,OPEN END RIETER R60           ,27/01/2026,B,U,0523096,HILO 10/1 LISO OE CARDA TECEL,14:00,22:00,80000,540,5.3,0000000106,10,"8,00","16,76","659,84","121,24","231,96","1.855,68","1.811,80","97,6","97,8",00096,"1,000",9500,5,54,85,68,3,7,0,20,93,1,2,0,0,93,96,96,98
05,008,050408,OPEN END RIETER R60           ,27/01/2026,C,U,0523096,HILO 10/1 LISO OE CARDA TECEL,22:00,06:00,80000,540,5.3,0000000106,10,"8,00","16,76","659,84","121,24","231,96","1.855,68","1.802,90","97,2","97,4",00096,"1,000",9500,11,60,115,71,4,9,0,18,82,2,1,0,0,68,95,94,96
05,008,050408,OPEN END RIETER R60           ,28/01/2026,A,U,0523096,HILO 10/1 LISO OE CARDA TECEL,06:00,14:00,80000,540,5.3,0000000106,10,"8,00","16,76","659,84","121,24","231,96","1.855,68","1.816,00","97,9","98,1",00096,"1,000",9500,6,56,61,93,3,10,8,11,129,2,1,0,0,96,92,94,96
05,008,050408,OPEN END RIETER R60           ,28/01/2026,B,U,0523096,HILO 10/1 LISO OE CARDA TECEL,14:00,22:00,80000,540,5.3,0000000106,10,"8,00","16,76","659,84","121,24","231,96","1.855,68","1.805,10","97,3","97,5",00096,"1,000",9500,11,64,112,100,1,22,3,23,123,3,1,0,0,126,94,92,97
05,008,050408,OPEN END RIETER R60           ,28/01/2026,C,U,0523096,HILO 10/1 LISO OE CARDA TECEL,22:00,06:00,80000,540,5.3,0000000106,10,"8,00","16,76","659,84","121,24","231,96","1.855,68","1.811,50","97,6","97,8",00096,"1,000",9500,14,61,79,90,1,8,1,23,121,3,6,0,0,68,93,94,97
05,008,050408,OPEN END RIETER R60           ,29/01/2026,B,U,0523096,HILO 10/1 LISO OE CARDA TECEL,14:00,22:00,80000,540,5.3,0000000106,10,"8,00","16,76","659,84","121,24","231,96","1.855,68","1.807,70","97,4","97,5",00096,"1,000",9500,7,48,101,85,5,31,1,30,143,1,6,0,0,72,94,92,93
05,008,050408,OPEN END RIETER R60           ,29/01/2026,A,U,0523096,HILO 10/1 LISO OE CARDA TECEL,06:00,14:00,80000,540,5.3,0000000106,10,"8,00","16,76","659,84","121,24","231,96","1.855,68","1.413,90","76,2","76,3",00096,"1,000",9500,7,39,76,79,6,15,0,15,150,1,1,0,0,68,96,95,96
05,008,050408,OPEN END RIETER R60           ,29/01/2026,C,U,0523096,HILO 10/1 LISO OE CARDA TECEL,22:00,06:00,80000,540,5.3,0000000106,10,"8,00","16,76","659,84","121,24","231,96","1.855,68","1.809,40","97,5","97,6",00096,"1,000",9500,10,54,132,64,1,18,0,19,100,3,3,0,0,76,91,92,96
05,008,050408,OPEN END RIETER R60           ,30/01/2026,A,U,0523096,HILO 10/1 LISO OE CARDA TECEL,06:00,14:00,80000,540,5.3,0000000106,10,"8,00","16,76","659,84","121,24","231,96","1.855,68","1.805,50","97,3","97,4",00096,"1,000",9500,12,67,94,92,4,14,1,20,125,2,2,0,0,96,92,93,92
05,008,050408,OPEN END RIETER R60           ,30/01/2026,B,U,0523096,HILO 10/1 LISO OE CARDA TECEL,14:00,22:00,80000,540,5.3,0000000106,10,"8,00","16,76","659,84","121,24","231,96","1.855,68","1.801,30","97,1","97,2",00096,"1,000",9500,12,59,89,83,2,13,2,19,74,3,3,0,0,58,93,93,98
05,008,050408,OPEN END RIETER R60           ,30/01/2026,C,U,0523096,HILO 10/1 LISO OE CARDA TECEL,22:00,06:00,80000,540,5.3,0000000107,10,"8,00","16,76","659,84","121,24","231,96","1.855,68","1.816,50","97,9","98,0",00096,"1,000",9500,9,69,89,72,2,12,0,16,63,2,1,0,0,88,91,97,97
05,008,050408,OPEN END RIETER R60           ,31/01/2026,A,U,0523096,HILO 10/1 LISO OE CARDA TECEL,06:00,14:00,80000,540,5.3,0000000107,10,"8,00","16,76","659,84","121,24","231,96","1.855,68","1.769,00","95,3","95,4",00096,"1,000",9500,9,65,91,75,1,6,8,18,95,0,2,0,0,101,89,95,98
05,008,050408,OPEN END RIETER R60           ,31/01/2026,B,U,0523096,HILO 10/1 LISO OE CARDA TECEL,14:00,22:00,80000,540,5.3,0000000107,10,"8,00","16,76","659,84","121,24","231,96","1.855,68","1.570,10","84,6","84,7",00096,"1,000",9500,12,69,105,148,2,11,1,10,93,4,3,0,0,118,87,92,92
05,008,050408,OPEN END RIETER R60           ,31/01/2026,C,U,0523096,HILO 10/1 LISO OE CARDA TECEL,22:00,06:00,80000,540,5.3,0000000107,10,"8,00","16,76","659,84","121,24","231,96","1.855,68","1.770,70","95,4","95,4",00007,"1,000",9500,15,70,126,79,1,17,3,12,58,3,1,0,0,69,90,96,99
05,008,050408,OPEN END RIETER R60           ,02/02/2026,A,U,0523096,HILO 10/1 LISO OE CARDA TECEL,06:00,14:00,80000,540,5.3,0000000107,10,"8,00","16,76","659,84","121,24","231,96","1.855,68","1.367,30","73,7","73,0",00096,"1,000",9500,12,45,94,43,3,2,2,13,85,0,1,0,0,106,94,92,97
05,008,050408,OPEN END RIETER R60           ,02/02/2026,B,U,0523096,HILO 10/1 LISO OE CARDA TECEL,14:00,22:00,80000,540,5.3,0000000107,10,"8,00","16,76","659,84","121,24","231,96","1.855,68","1.215,30","65,5","65,6",00096,"1,000",9500,10,60,75,70,1,10,3,11,41,1,1,0,0,112,78,85,90
05,008,050408,OPEN END RIETER R60           ,02/02/2026,C,U,0523096,HILO 10/1 LISO OE CARDA TECEL,22:00,06:00,80000,540,5.3,0000000107,10,"8,00","16,76","659,84","121,24","231,96","1.855,68","0,00","0,0","0,0",00096,"0,000",0,0,0,0,0,0,0,0,0,0,0,0,0,0,0,0,0,0
05,009,050409,OPEN END RIETER R60           ,12/01/2026,A,U,0523093,HILO 7/1 LISO OE CARDA TECEL,06:00,14:00,80000,540,5.3,0000000105,7,"8,00","14,02","552,07","144,91","396,07","3.168,52","0,00","0,0","0,0",00096,"0,000",0,0,0,0,0,0,0,0,0,0,0,0,0,0,0,0,0,0
05,009,050409,OPEN END RIETER R60           ,12/01/2026,B,U,0523093,HILO 7/1 LISO OE CARDA TECEL,14:00,22:00,80000,540,5.3,0000000105,7,"8,00","14,02","552,07","144,91","396,07","3.168,52","0,00","0,0","0,0",00096,"0,000",0,0,0,0,0,0,0,0,0,0,0,0,0,0,0,0,0,0
05,009,050409,OPEN END RIETER R60           ,12/01/2026,C,U,0523093,HILO 7/1 LISO OE CARDA TECEL,22:00,06:00,80000,540,5.3,0000000105,7,"8,00","14,02","552,07","144,91","396,07","3.168,52","692,90","21,9","26,4",00096,"0,981",9500,1,33,12,22,1,2,4,13,92,9,2,0,0,74,90,89,82
05,009,050409,OPEN END RIETER R60           ,13/01/2026,A,U,0523093,HILO 7/1 LISO OE CARDA TECEL,06:00,14:00,80000,540,5.3,0000000105,7,"8,00","14,02","552,07","144,91","396,07","3.168,52","2.558,80","80,8","80,5",00096,"0,000",0,0,0,0,0,0,0,0,0,0,0,0,0,0,0,0,0,0
05,009,050409,OPEN END RIETER R60           ,13/01/2026,B,U,0523093,HILO 7/1 LISO OE CARDA TECEL,14:00,22:00,80000,540,5.3,0000000105,7,"8,00","14,02","552,07","144,91","396,07","3.168,52","0,00","0,0","0,0",00096,"0,000",0,0,0,0,0,0,0,0,0,0,0,0,0,0,0,0,0,0
05,009,050409,OPEN END RIETER R60           ,13/01/2026,C,U,0523093,HILO 7/1 LISO OE CARDA TECEL,22:00,06:00,80000,540,5.3,0000000105,7,"8,00","14,02","552,07","144,91","396,07","3.168,52","1.704,20","53,8","53,6",00096,"0,981",9500,1,74,19,19,3,2,1,22,45,40,5,0,0,114,89,91,91
05,009,050409,OPEN END RIETER R60           ,14/01/2026,C,U,0523093,HILO 7/1 LISO OE CARDA TECEL,22:00,06:00,80000,540,5.3,0000000105,7,"8,00","14,02","552,07","144,91","396,07","3.168,52","2.123,50","67,0","66,8",00096,"0,981",9500,4,76,31,53,3,0,1,15,142,44,4,0,0,171,87,93,93
05,009,050409,OPEN END RIETER R60           ,14/01/2026,A,U,0523093,HILO 7/1 LISO OE CARDA TECEL,06:00,14:00,80000,540,5.3,0000000105,7,"8,00","14,02","552,07","144,91","396,07","3.168,52","2.677,30","84,5","84,2",00096,"0,981",9500,3,111,36,54,3,3,0,43,71,34,6,0,0,185,84,93,89
05,009,050409,OPEN END RIETER R60           ,14/01/2026,B,U,0523093,HILO 7/1 LISO OE CARDA TECEL,14:00,22:00,80000,540,5.3,0000000105,7,"8,00","14,02","552,07","144,91","396,07","3.168,52","0,00","0,0","0,0",00096,"0,000",0,0,0,0,0,0,0,0,0,0,0,0,0,0,0,0,0,0
05,009,050409,OPEN END RIETER R60           ,15/01/2026,B,U,0523093,HILO 7/1 LISO OE CARDA TECEL,14:00,22:00,80000,540,5.3,0000000105,7,"8,00","14,02","552,07","144,91","396,07","3.168,52","0,00","0,0","0,0",00096,"0,000",0,0,0,0,0,0,0,0,0,0,0,0,0,0,0,0,0,0
05,009,050409,OPEN END RIETER R60           ,15/01/2026,A,U,0523093,HILO 7/1 LISO OE CARDA TECEL,06:00,14:00,80000,540,5.3,0000000105,7,"8,00","14,02","552,07","144,91","396,07","3.168,52","1.879,40","59,3","59,1",00096,"0,981",9500,3,96,22,39,6,1,1,28,97,26,3,0,0,153,82,89,86
05,009,050409,OPEN END RIETER R60           ,15/01/2026,C,U,0523093,HILO 7/1 LISO OE CARDA TECEL,22:00,06:00,80000,540,5.3,0000000105,7,"8,00","14,02","552,07","144,91","396,07","3.168,52","0,00","0,0","0,0",00096,"0,000",0,0,0,0,0,0,0,0,0,0,0,0,0,0,0,0,0,0
FILIAL,LOC. FISICO,MAQUINA,NOME_MAQUINA,DATA_PRODUCAO,TURNO,LADO,ITEM,DESC ITEM,HORA INICIAL,HORA FINAL,RPM,NUM FUSOS,ALFA,LOTE PRODUC,TÍTULO,TEMPO,TORCAO P POLEG,TORCAO P METRO,PROD MT/MIN,PROD KG/HR,PROD CALCULADA,PROD INFORMADA,EFIC CALCULADA,EFIC INFORMADA,OPERADOR,T.BOB.,RPM CARD,N,S,L,T,MO,CP V+ SL+,CM V- SL-,CCp C+,CCm C-,JP (P+),JM (P-),CVP,CVM,CORT NAT,% ROB 01,% ROB 02,% ROB 03
05,009,050409,OPEN END RIETER R60           ,22/01/2026,A,U,0523093,HILO 7/1 LISO OE CARDA TECEL,06:00,14:00,80000,540,5.3,0000000106,7,"8,00","14,02","552,07","144,91","396,07","3.168,52","1.380,40","43,6","47,6",00096,"0,981",9500,1,59,13,28,9,2,1,20,67,20,0,0,0,139,73,88,82
05,009,050409,OPEN END RIETER R60           ,22/01/2026,B,U,0523093,HILO 7/1 LISO OE CARDA TECEL,14:00,22:00,80000,540,5.3,0000000106,7,"8,00","14,02","552,07","144,91","396,07","3.168,52","2.543,40","80,3","79,9",00096,"0,981",9500,1,97,35,64,10,14,2,36,91,44,4,0,0,291,80,87,82
05,009,050409,OPEN END RIETER R60           ,22/01/2026,C,U,0523093,HILO 7/1 LISO OE CARDA TECEL,22:00,06:00,80000,540,5.3,0000000106,7,"8,00","14,02","552,07","144,91","396,07","3.168,52","2.765,00","87,3","86,9",00096,"0,981",9500,8,88,23,44,14,14,4,36,130,38,2,0,0,248,74,89,84
05,009,050409,OPEN END RIETER R60           ,23/01/2026,B,U,0523093,HILO 7/1 LISO OE CARDA TECEL,14:00,22:00,80000,540,5.3,0000000106,7,"8,00","14,02","552,07","144,91","396,07","3.168,52","2.464,20","77,8","77,9",00096,"0,981",9500,4,101,36,91,4,17,1,46,85,71,1,0,0,238,89,88,91
05,009,050409,OPEN END RIETER R60           ,23/01/2026,A,U,0523093,HILO 7/1 LISO OE CARDA TECEL,06:00,14:00,80000,540,5.3,0000000106,7,"8,00","14,02","552,07","144,91","396,07","3.168,52","1.729,00","54,6","54,4",00096,"0,981",9500,0,73,10,48,4,2,1,25,82,51,2,0,0,199,86,94,88
05,009,050409,OPEN END RIETER R60           ,23/01/2026,C,U,0523093,HILO 7/1 LISO OE CARDA TECEL,22:00,06:00,80000,540,5.3,0000000106,7,"8,00","14,02","552,07","144,91","396,07","3.168,52","2.797,90","88,3","88,4",00096,"0,981",9500,1,119,26,48,8,0,1,30,112,41,0,0,0,195,81,93,86
05,009,050409,OPEN END RIETER R60           ,24/01/2026,A,U,0523093,HILO 7/1 LISO OE CARDA TECEL,06:00,14:00,80000,540,5.3,0000000106,7,"8,00","14,02","552,07","144,91","396,07","3.168,52","947,70","29,9","29,9",00096,"0,981",9500,0,63,6,18,1,0,0,10,34,35,0,0,0,123,67,96,92
05,009,050409,OPEN END RIETER R60           ,24/01/2026,B,U,0523093,HILO 7/1 LISO OE CARDA TECEL,14:00,22:00,80000,540,5.3,0000000106,7,"8,00","14,02","552,07","144,91","396,07","3.168,52","0,00","0,0","0,0",00096,"0,000",0,0,0,0,0,0,0,0,0,0,0,0,0,0,0,0,0,0
05,009,050409,OPEN END RIETER R60           ,26/01/2026,A,U,0523093,HILO 7/1 LISO OE CARDA TECEL,06:00,14:00,80000,540,5.3,0000000106,7,"8,00","14,02","552,07","144,91","396,07","3.168,52","1.663,10","52,5","57,2",00096,"0,981",9500,0,0,0,0,0,0,0,0,0,0,0,0,0,150,78,92,83
05,009,050409,OPEN END RIETER R60           ,26/01/2026,B,U,0523093,HILO 7/1 LISO OE CARDA TECEL,14:00,22:00,80000,540,5.3,0000000106,7,"8,00","14,02","552,07","144,91","396,07","3.168,52","1.626,40","51,3","51,3",00096,"0,981",9500,2,54,16,27,3,7,3,39,121,49,2,0,0,131,91,89,83
05,009,050409,OPEN END RIETER R60           ,26/01/2026,C,U,0523093,HILO 7/1 LISO OE CARDA TECEL,22:00,06:00,80000,540,5.3,0000000106,7,"8,00","14,02","552,07","144,91","396,07","3.168,52","2.797,00","88,3","88,4",00096,"0,981",9500,19,157,24,63,7,13,3,61,164,44,0,0,0,240,89,90,87
05,009,050409,OPEN END RIETER R60           ,27/01/2026,A,U,0523093,HILO 7/1 LISO OE CARDA TECEL,06:00,14:00,80000,540,5.3,0000000106,7,"8,00","14,02","552,07","144,91","396,07","3.168,52","2.770,10","87,4","87,3",00096,"0,981",9500,22,138,22,48,2,5,1,31,90,51,2,0,0,237,88,93,86
05,009,050409,OPEN END RIETER R60           ,27/01/2026,B,U,0523093,HILO 7/1 LISO OE CARDA TECEL,14:00,22:00,80000,540,5.3,0000000106,7,"8,00","14,02","552,07","144,91","396,07","3.168,52","1.770,20","55,9","57,1",01445,"0,981",9500,0,0,0,0,0,0,0,0,0,0,0,0,0,152,92,92,88
05,009,050409,OPEN END RIETER R60           ,27/01/2026,C,U,0523093,HILO 7/1 LISO OE CARDA TECEL,22:00,06:00,80000,540,5.3,0000000106,7,"8,00","14,02","552,07","144,91","396,07","3.168,52","0,00","0,0","0,0",00096,"0,000",0,0,0,0,0,0,0,0,0,0,0,0,0,0,0,0,0,0
05,009,050409,OPEN END RIETER R60           ,28/01/2026,A,U,0523093,HILO 7/1 LISO OE CARDA TECEL,06:00,14:00,80000,540,5.3,0000000106,7,"8,00","14,02","552,07","144,91","396,07","3.168,52","834,10","26,3","40,9",00096,"0,981",9500,1,54,11,27,0,0,2,7,70,52,1,0,0,65,87,89,88
05,009,050409,OPEN END RIETER R60           ,28/01/2026,B,U,0523093,HILO 7/1 LISO OE CARDA TECEL,14:00,22:00,80000,540,5.3,0000000106,7,"8,00","14,02","552,07","144,91","396,07","3.168,52","94,50","3,0","6,5",00096,"0,981",9500,0,12,3,2,2,0,0,2,10,5,0,0,0,23,78,84,85
05,009,050409,OPEN END RIETER R60           ,28/01/2026,C,U,0799326,HILO 7/1 LISO OE CARDA WATER,22:00,06:00,80000,540,5.3,0000000106,7,"8,00","14,02","552,07","144,91","396,07","3.168,52","0,00","0,0","0,0",00096,"0,000",0,0,0,0,0,0,0,0,0,0,0,0,0,0,0,0,0,0
05,009,050409,OPEN END RIETER R60           ,30/01/2026,B,U,0523093,HILO 7/1 LISO OE CARDA TECEL,14:00,22:00,80000,540,5.3,0000000107,7,"8,00","14,02","552,07","144,91","396,07","3.168,52","1.620,80","51,2","50,9",00096,"0,981",9500,0,12,3,2,2,0,0,2,10,5,0,0,0,125,87,92,83
05,009,050409,OPEN END RIETER R60           ,30/01/2026,A,U,0799326,HILO 7/1 LISO OE CARDA WATER,06:00,14:00,80000,540,5.3,0000000107,7,"8,00","14,02","552,07","144,91","396,07","3.168,52","0,00","0,0","0,0",00096,"0,000",0,0,0,0,0,0,0,0,0,0,0,0,0,0,0,0,0,0
05,009,050409,OPEN END RIETER R60           ,30/01/2026,C,U,0523093,HILO 7/1 LISO OE CARDA TECEL,22:00,06:00,80000,540,5.3,0000000107,7,"8,00","14,02","552,07","144,91","396,07","3.168,52","1.853,00","58,5","58,3",00096,"0,981",9500,2,44,14,45,11,2,3,6,80,56,2,0,0,131,94,96,87
05,009,050409,OPEN END RIETER R60           ,31/01/2026,A,U,0523093,HILO 7/1 LISO OE CARDA TECEL,06:00,14:00,80000,540,5.3,0000000107,7,"8,00","14,02","552,07","144,91","396,07","3.168,52","1.802,40","56,9","56,7",00096,"0,981",9500,1,54,8,29,14,8,0,21,56,50,0,0,0,114,93,87,86
05,009,050409,OPEN END RIETER R60           ,31/01/2026,B,U,0523093,HILO 7/1 LISO OE CARDA TECEL,14:00,22:00,80000,540,5.3,0000000107,7,"8,00","14,02","552,07","144,91","396,07","3.168,52","2.692,80","85,0","84,7",00096,"0,981",9500,0,75,24,55,11,9,2,37,83,30,1,0,0,288,93,87,83
05,009,050409,OPEN END RIETER R60           ,31/01/2026,C,U,0523093,HILO 7/1 LISO OE CARDA TECEL,22:00,06:00,80000,540,5.3,0000000107,7,"8,00","14,02","552,07","144,91","396,07","3.168,52","2.796,00","88,2","88,0",00007,"0,981",9500,2,86,17,30,5,10,1,33,135,34,0,0,0,169,85,89,84
05,009,050409,OPEN END RIETER R60           ,02/02/2026,B,U,0523093,HILO 7/1 LISO OE CARDA TECEL,14:00,22:00,80000,540,5.3,0000000107,7,"8,00","14,02","552,07","144,91","396,07","3.168,52","2.884,00","91,0","90,6",00096,"0,981",9500,2,113,21,71,20,17,2,48,143,36,6,0,0,198,86,92,82
05,009,050409,OPEN END RIETER R60           ,02/02/2026,A,U,0523093,HILO 7/1 LISO OE CARDA TECEL,06:00,14:00,80000,540,5.3,0000000107,7,"8,00","14,02","552,07","144,91","396,07","3.168,52","2.091,70","66,0","65,7",00096,"0,981",9500,4,92,9,43,13,10,0,39,63,46,1,0,0,163,88,94,91
05,009,050409,OPEN END RIETER R60           ,02/02/2026,C,U,0523093,HILO 7/1 LISO OE CARDA TECEL,22:00,06:00,80000,540,5.3,0000000107,7,"8,00","14,02","552,07","144,91","396,07","3.168,52","2.927,80","92,4","91,9",00096,"0,981",9500,4,121,13,56,14,4,2,17,202,42,3,0,0,199,90,90,84
05,009,050409,OPEN END RIETER R60           ,03/02/2026,A,U,0523093,HILO 7/1 LISO OE CARDA TECEL,06:00,14:00,80000,540,5.3,0000000107,7,"8,00","14,02","552,07","144,91","396,07","3.168,52","2.779,50","87,7","87,3",00096,"0,981",9500,7,101,24,47,19,5,1,28,188,34,2,0,0,204,86,93,83
05,009,050409,OPEN END RIETER R60           ,03/02/2026,B,U,0523093,HILO 7/1 LISO OE CARDA TECEL,14:00,22:00,80000,540,5.3,0000000107,7,"8,00","14,02","552,07","144,91","396,07","3.168,52","2.523,20","79,6","79,2",00096,"0,981",9500,5,93,20,48,8,1,4,37,223,29,2,0,0,204,90,82,73
05,009,050409,OPEN END RIETER R60           ,03/02/2026,C,U,0523093,HILO 7/1 LISO OE CARDA TECEL,22:00,06:00,80000,540,5.3,0000000107,7,"8,00","14,02","552,07","144,91","396,07","3.168,52","181,40","5,7","5,8",00096,"0,981",9500,0,6,1,3,1,0,2,3,13,1,0,0,0,38,80,68,29
05,009,050409,OPEN END RIETER R60           ,04/02/2026,B,U,0523093,HILO 7/1 LISO OE CARDA TECEL,14:00,22:00,80000,540,5.3,0000000107,7,"8,00","14,02","552,07","144,91","396,07","3.168,52","0,00","0,0","0,0",00096,"0,000",0,0,0,0,0,0,0,0,0,0,0,0,0,0,0,0,0,0
05,009,050409,OPEN END RIETER R60           ,04/02/2026,C,U,0523093,HILO 7/1 LISO OE CARDA TECEL,22:00,06:00,80000,540,5.3,0000000107,7,"8,00","14,02","552,07","144,91","396,07","3.168,52","0,00","0,0","0,0",00096,"0,000",0,0,0,0,0,0,0,0,0,0,0,0,0,0,0,0,0,0
05,009,050409,OPEN END RIETER R60           ,06/02/2026,A,U,0523093,HILO 7/1 LISO OE CARDA TECEL,06:00,14:00,80000,540,5.3,0000000107,7,"8,00","14,02","552,07","144,91","396,07","3.168,52","697,20","22,0","50,5",00096,"0,981",9500,1,22,6,13,27,2,0,17,42,6,1,0,0,63,94,86,86
05,009,050409,OPEN END RIETER R60           ,06/02/2026,B,U,0523093,HILO 7/1 LISO OE CARDA TECEL,14:00,22:00,80000,540,5.3,0000000107,7,"8,00","14,02","552,07","144,91","396,07","3.168,52","2.923,30","92,3","91,9",00096,"0,981",9500,1,117,28,57,42,19,3,84,109,47,2,0,0,197,89,88,84
05,009,050409,OPEN END RIETER R60           ,06/02/2026,C,U,0523093,HILO 7/1 LISO OE CARDA TECEL,22:00,06:00,80000,540,5.3,0000000107,7,"8,00","14,02","552,07","144,91","396,07","3.168,52","2.819,90","89,0","88,6",00096,"0,981",9500,4,98,26,59,2,31,1,83,102,42,3,0,0,201,86,85,78
05,010,050410,OPEN END RIETER R60           ,12/01/2026,A,U,0523096,HILO 10/1 LISO OE CARDA TECEL,06:00,14:00,80000,540,5.3,0000000105,10,"8,00","16,76","659,84","121,24","231,96","1.855,68","479,20","25,8","26,5",00096,"1,002",9500,7,40,66,25,6,17,0,18,43,7,4,0,0,40,76,33,82
05,010,050410,OPEN END RIETER R60           ,12/01/2026,B,U,0523096,HILO 10/1 LISO OE CARDA TECEL,14:00,22:00,80000,540,5.3,0000000105,10,"8,00","16,76","659,84","121,24","231,96","1.855,68","0,00","0,0","0,0",00096,"0,000",0,0,0,0,0,0,0,0,0,0,0,0,0,0,0,0,0,0
05,010,050410,OPEN END RIETER R60           ,12/01/2026,C,U,0523096,HILO 10/1 LISO OE CARDA TECEL,22:00,06:00,80000,540,5.3,0000000105,10,"8,00","16,76","659,84","121,24","231,96","1.855,68","1.188,60","64,1","64,1",00096,"1,002",9500,10,67,64,39,9,9,5,20,58,4,2,0,0,75,90,82,91
05,010,050410,OPEN END RIETER R60           ,13/01/2026,B,U,0523096,HILO 10/1 LISO OE CARDA TECEL,14:00,22:00,80000,540,5.3,0000000105,10,"8,00","16,76","659,84","121,24","231,96","1.855,68","0,00","0,0","0,0",00096,"0,000",0,0,0,0,0,0,0,0,0,0,0,0,0,0,0,0,0,0
05,010,050410,OPEN END RIETER R60           ,13/01/2026,A,U,0523096,HILO 10/1 LISO OE CARDA TECEL,06:00,14:00,80000,540,5.3,0000000105,10,"8,00","16,76","659,84","121,24","231,96","1.855,68","1.664,80","89,7","89,8",00096,"1,002",9500,20,94,99,77,12,11,2,28,95,5,2,0,0,147,88,90,90
05,010,050410,OPEN END RIETER R60           ,13/01/2026,C,U,0523096,HILO 10/1 LISO OE CARDA TECEL,22:00,06:00,80000,540,5.3,0000000105,10,"8,00","16,76","659,84","121,24","231,96","1.855,68","1.350,50","72,8","79,9",00096,"1,002",9500,17,91,129,63,24,2,0,12,51,24,9,0,0,99,97,96,87
05,010,050410,OPEN END RIETER R60           ,14/01/2026,A,U,0523096,HILO 10/1 LISO OE CARDA TECEL,06:00,14:00,80000,540,5.3,0000000105,10,"8,00","16,76","659,84","121,24","231,96","1.855,68","1.792,20","96,6","96,3",00096,"1,002",9500,11,44,100,70,31,6,0,34,65,8,4,0,0,86,94,94,95
05,010,050410,OPEN END RIETER R60           ,14/01/2026,B,U,0523096,HILO 10/1 LISO OE CARDA TECEL,14:00,22:00,80000,540,5.3,0000000105,10,"8,00","16,76","659,84","121,24","231,96","1.855,68","0,00","0,0","0,0",00096,"0,000",0,0,0,0,0,0,0,0,0,0,0,0,0,0,0,0,0,0
05,010,050410,OPEN END RIETER R60           ,14/01/2026,C,U,0523096,HILO 10/1 LISO OE CARDA TECEL,22:00,06:00,80000,540,5.3,0000000105,10,"8,00","16,76","659,84","121,24","231,96","1.855,68","1.348,40","72,7","77,1",00096,"1,002",9500,5,32,104,49,25,1,2,30,71,4,3,0,0,67,96,94,91
05,010,050410,OPEN END RIETER R60           ,15/01/2026,A,U,0523096,HILO 10/1 LISO OE CARDA TECEL,06:00,14:00,80000,540,5.3,0000000105,10,"8,00","16,76","659,84","121,24","231,96","1.855,68","1.272,40","68,6","33,0",00096,"1,002",9500,5,27,60,46,17,1,1,13,37,4,0,0,0,77,93,96,90
05,010,050410,OPEN END RIETER R60           ,15/01/2026,B,U,0523096,HILO 10/1 LISO OE CARDA TECEL,14:00,22:00,80000,540,5.3,0000000105,10,"8,00","16,76","659,84","121,24","231,96","1.855,68","0,00","0,0","0,0",00096,"0,000",0,0,0,0,0,0,0,0,0,0,0,0,0,0,0,0,0,0
05,010,050410,OPEN END RIETER R60           ,15/01/2026,C,U,0523096,HILO 10/1 LISO OE CARDA TECEL,22:00,06:00,80000,540,5.3,0000000105,10,"8,00","16,76","659,84","121,24","231,96","1.855,68","1.398,10","75,3","80,9",00096,"1,002",9500,11,44,74,41,3,1,1,25,56,0,1,0,0,58,96,97,91
FILIAL,LOC. FISICO,MAQUINA,NOME_MAQUINA,DATA_PRODUCAO,TURNO,LADO,ITEM,DESC ITEM,HORA INICIAL,HORA FINAL,RPM,NUM FUSOS,ALFA,LOTE PRODUC,TÍTULO,TEMPO,TORCAO P POLEG,TORCAO P METRO,PROD MT/MIN,PROD KG/HR,PROD CALCULADA,PROD INFORMADA,EFIC CALCULADA,EFIC INFORMADA,OPERADOR,T.BOB.,RPM CARD,N,S,L,T,MO,CP V+ SL+,CM V- SL-,CCp C+,CCm C-,JP (P+),JM (P-),CVP,CVM,CORT NAT,% ROB 01,% ROB 02,% ROB 03
05,010,050410,OPEN END RIETER R60           ,16/01/2026,A,U,0523096,HILO 10/1 LISO OE CARDA TECEL,06:00,14:00,80000,540,5.3,0000000105,10,"8,00","16,76","659,84","121,24","231,96","1.855,68","1.073,40","57,8","58,0",00096,"1,002",9500,5,32,54,46,6,6,0,22,31,2,1,0,0,43,94,91,96
05,010,050410,OPEN END RIETER R60           ,16/01/2026,C,U,0523096,HILO 10/1 LISO OE CARDA TECEL,22:00,06:00,80000,540,5.3,0000000105,10,"8,00","16,76","659,84","121,24","231,96","1.855,68","1.345,00","72,5","72,3",00096,"1,002",9500,5,26,67,41,3,2,1,13,64,0,1,0,0,41,87,96,96
05,010,050410,OPEN END RIETER R60           ,16/01/2026,B,U,0523096,HILO 10/1 LISO OE CARDA TECEL,14:00,22:00,80000,540,5.3,0000000105,10,"8,00","16,76","659,84","121,24","231,96","1.855,68","0,00","0,0","0,0",00096,"0,000",0,0,0,0,0,0,0,0,0,0,0,0,0,0,0,0,0,0
05,010,050410,OPEN END RIETER R60           ,17/01/2026,A,U,0523096,HILO 10/1 LISO OE CARDA TECEL,06:00,14:00,80000,540,5.3,0000000105,10,"8,00","16,76","659,84","121,24","231,96","1.855,68","1.783,90","96,1","95,9",00096,"1,002",9500,13,44,94,83,19,2,2,17,64,3,4,0,0,75,92,96,94
05,010,050410,OPEN END RIETER R60           ,17/01/2026,C,U,0523096,HILO 10/1 LISO OE CARDA TECEL,22:00,06:00,80000,540,5.3,0000000105,10,"8,00","16,76","659,84","121,24","231,96","1.855,68","1.411,30","76,1","75,9",00092,"1,002",9500,10,32,51,51,9,1,2,6,42,3,1,0,0,36,92,97,94
05,010,050410,OPEN END RIETER R60           ,19/01/2026,A,U,0523096,HILO 10/1 LISO OE CARDA TECEL,06:00,14:00,80000,540,5.3,0000000105,10,"8,00","16,76","659,84","121,24","231,96","1.855,68","1.376,30","74,2","83,0",00096,"1,002",9500,6,28,64,53,9,7,0,9,40,2,3,0,0,30,89,97,96
05,010,050410,OPEN END RIETER R60           ,19/01/2026,B,U,0523096,HILO 10/1 LISO OE CARDA TECEL,14:00,22:00,80000,540,5.3,0000000105,10,"8,00","16,76","659,84","121,24","231,96","1.855,68","1.483,40","79,9","80,0",00096,"1,002",9500,11,50,90,72,17,9,2,17,88,6,3,0,0,70,88,94,91
05,010,050410,OPEN END RIETER R60           ,19/01/2026,C,U,0523096,HILO 10/1 LISO OE CARDA TECEL,22:00,06:00,80000,540,5.3,0000000105,10,"8,00","16,76","659,84","121,24","231,96","1.855,68","99,40","5,4","5,4",00096,"1,002",9500,1,9,5,2,0,1,0,0,6,0,0,0,0,8,82,91,100
05,010,050410,OPEN END RIETER R60           ,22/01/2026,A,U,0523096,HILO 10/1 LISO OE CARDA TECEL,06:00,14:00,80000,540,5.3,0000000106,10,"8,00","16,76","659,84","121,24","231,96","1.855,68","1.139,30","61,4","68,9",00096,"1,002",9500,8,60,88,57,6,24,1,46,58,1,0,0,0,64,84,76,94
05,010,050410,OPEN END RIETER R60           ,22/01/2026,C,U,0523096,HILO 10/1 LISO OE CARDA TECEL,22:00,06:00,80000,540,5.3,0000000106,10,"8,00","16,76","659,84","121,24","231,96","1.855,68","1.785,20","96,2","96,2",00096,"1,002",9500,16,61,87,72,12,12,1,19,52,0,1,0,0,92,93,96,98
05,010,050410,OPEN END RIETER R60           ,22/01/2026,B,U,0523096,HILO 10/1 LISO OE CARDA TECEL,14:00,22:00,80000,540,5.3,0000000106,10,"8,00","16,76","659,84","121,24","231,96","1.855,68","1.734,00","93,4","93,5",00096,"1,002",9500,15,84,100,90,8,28,2,33,61,1,3,0,0,112,89,92,94
05,010,050410,OPEN END RIETER R60           ,23/01/2026,A,U,0523096,HILO 10/1 LISO OE CARDA TECEL,06:00,14:00,80000,540,5.3,0000000106,10,"8,00","16,76","659,84","121,24","231,96","1.855,68","1.746,90","94,1","94,2",00096,"1,002",9500,10,78,99,52,14,7,3,92,48,3,5,0,0,73,94,97,95
05,010,050410,OPEN END RIETER R60           ,23/01/2026,B,U,0523096,HILO 10/1 LISO OE CARDA TECEL,14:00,22:00,80000,540,5.3,0000000106,10,"8,00","16,76","659,84","121,24","231,96","1.855,68","1.806,70","97,4","97,4",00096,"1,002",9500,17,62,92,46,5,5,3,19,61,4,0,0,0,52,84,97,97
05,010,050410,OPEN END RIETER R60           ,23/01/2026,C,U,0523096,HILO 10/1 LISO OE CARDA TECEL,22:00,06:00,80000,540,5.3,0000000106,10,"8,00","16,76","659,84","121,24","231,96","1.855,68","1.786,20","96,3","96,3",00096,"1,002",11,67,100,100,6,5,6,4,10,76,3,8,0,0,0,89,94,95
05,010,050410,OPEN END RIETER R60           ,24/01/2026,B,U,0523096,HILO 10/1 LISO OE CARDA TECEL,14:00,22:00,80000,540,5.3,0000000106,10,"8,00","16,76","659,84","121,24","231,96","1.855,68","1.804,20","97,2","97,1",00096,"1,002",9500,5,86,143,61,5,10,1,27,110,7,1,0,0,53,90,96,94
05,010,050410,OPEN END RIETER R60           ,24/01/2026,A,U,0523096,HILO 10/1 LISO OE CARDA TECEL,06:00,14:00,80000,540,5.3,0000000106,10,"8,00","16,76","659,84","121,24","231,96","1.855,68","1.425,80","76,8","76,8",00096,"1,002",9500,9,54,62,45,5,4,1,18,37,3,2,0,0,40,93,97,94
05,010,050410,OPEN END RIETER R60           ,24/01/2026,C,U,0523096,HILO 10/1 LISO OE CARDA TECEL,22:00,06:00,80000,540,5.3,0000000106,10,"8,00","16,76","659,84","121,24","231,96","1.855,68","1.812,20","97,7","97,5",00007,"1,002",9500,10,83,104,102,3,2,0,22,65,3,1,0,0,72,93,94,96
05,010,050410,OPEN END RIETER R60           ,26/01/2026,A,U,0523096,HILO 10/1 LISO OE CARDA TECEL,06:00,14:00,80000,540,5.3,0000000106,10,"8,00","16,76","659,84","121,24","231,96","1.855,68","1.277,00","68,8","68,8",00096,"1,002",9500,0,0,0,0,0,0,0,0,0,0,0,0,0,60,95,99,96
05,010,050410,OPEN END RIETER R60           ,26/01/2026,B,U,0523096,HILO 10/1 LISO OE CARDA TECEL,14:00,22:00,80000,540,5.3,0000000106,10,"8,00","16,76","659,84","121,24","231,96","1.855,68","1.166,50","62,9","62,9",00096,"1,002",9500,10,45,62,52,2,4,0,10,36,3,1,0,0,64,93,98,96
05,010,050410,OPEN END RIETER R60           ,26/01/2026,C,U,0523096,HILO 10/1 LISO OE CARDA TECEL,22:00,06:00,80000,540,5.3,0000000106,10,"8,00","16,76","659,84","121,24","231,96","1.855,68","1.793,10","96,6","96,8",00096,"1,002",9500,11,78,96,114,3,4,2,13,68,2,1,0,0,66,95,93,95
05,010,050410,OPEN END RIETER R60           ,27/01/2026,B,U,0523096,HILO 10/1 LISO OE CARDA TECEL,14:00,22:00,80000,540,5.3,0000000106,10,"8,00","16,76","659,84","121,24","231,96","1.855,68","1.806,70","97,4","97,5",00096,"1,002",9500,8,60,72,56,6,2,3,34,37,4,5,0,0,102,93,91,96
05,010,050410,OPEN END RIETER R60           ,27/01/2026,A,U,0523096,HILO 10/1 LISO OE CARDA TECEL,06:00,14:00,80000,540,5.3,0000000106,10,"8,00","16,76","659,84","121,24","231,96","1.855,68","1.794,60","96,7","96,9",00096,"1,002",9500,9,53,101,44,2,4,3,17,77,5,3,0,0,45,91,96,94
05,010,050410,OPEN END RIETER R60           ,27/01/2026,C,U,0523096,HILO 10/1 LISO OE CARDA TECEL,22:00,06:00,80000,540,5.3,0000000106,10,"8,00","16,76","659,84","121,24","231,96","1.855,68","847,40","45,7","45,8",00096,"1,002",9500,6,20,58,42,3,3,1,7,35,3,2,0,0,49,93,83,92
05,010,050410,OPEN END RIETER R60           ,29/01/2026,A,U,0523096,HILO 10/1 LISO OE CARDA TECEL,06:00,14:00,80000,540,5.3,0000000106,10,"8,00","16,76","659,84","121,24","231,96","1.855,68","0,00","0,0","0,0",00096,"0,000",0,0,0,0,0,0,0,0,0,0,0,0,0,0,0,0,0,0
05,010,050410,OPEN END RIETER R60           ,29/01/2026,B,U,0523096,HILO 10/1 LISO OE CARDA TECEL,14:00,22:00,80000,540,5.3,0000000107,10,"8,00","16,76","659,84","121,24","231,96","1.855,68","1.003,00","54,1","54,5",00096,"1,002",9500,7,47,33,18,5,1,2,11,56,3,0,0,0,102,86,91,92
05,010,050410,OPEN END RIETER R60           ,29/01/2026,C,U,0523096,HILO 10/1 LISO OE CARDA TECEL,22:00,06:00,80000,540,5.3,0000000107,10,"8,00","16,76","659,84","121,24","231,96","1.855,68","1.761,20","94,9","95,1",00096,"1,002",9500,16,42,63,28,20,2,2,11,31,3,0,0,0,94,90,96,97
05,010,050410,OPEN END RIETER R60           ,30/01/2026,A,U,0523096,HILO 10/1 LISO OE CARDA TECEL,06:00,14:00,80000,540,5.3,0000000107,10,"8,00","16,76","659,84","121,24","231,96","1.855,68","1.789,60","96,4","96,6",00096,"1,002",9500,10,60,49,20,24,3,2,7,17,4,0,0,0,85,95,95,97
05,010,050410,OPEN END RIETER R60           ,30/01/2026,B,U,0523096,HILO 10/1 LISO OE CARDA TECEL,14:00,22:00,80000,540,5.3,0000000107,10,"8,00","16,76","659,84","121,24","231,96","1.855,68","1.773,10","95,5","95,8",00096,"1,002",9500,13,102,134,70,20,5,0,25,79,4,3,0,0,136,95,94,92
05,010,050410,OPEN END RIETER R60           ,30/01/2026,C,U,0523096,HILO 10/1 LISO OE CARDA TECEL,22:00,06:00,80000,540,5.3,0000000107,10,"8,00","16,76","659,84","121,24","231,96","1.855,68","1.815,80","97,9","98,1",00096,"1,002",9500,20,55,78,38,13,4,3,18,71,1,1,0,0,96,94,95,96
05,010,050410,OPEN END RIETER R60           ,31/01/2026,B,U,0523096,HILO 10/1 LISO OE CARDA TECEL,14:00,22:00,80000,540,5.3,0000000107,10,"8,00","16,76","659,84","121,24","231,96","1.855,68","1.405,10","75,7","75,8",00096,"1,002",9500,7,63,74,86,12,4,2,16,61,1,0,0,0,71,94,98,96
05,010,050410,OPEN END RIETER R60           ,31/01/2026,A,U,0523096,HILO 10/1 LISO OE CARDA TECEL,06:00,14:00,80000,540,5.3,0000000107,10,"8,00","16,76","659,84","121,24","231,96","1.855,68","1.798,90","96,9","97,1",00096,"1,002",9500,12,56,72,49,12,2,6,20,75,5,2,0,0,90,96,96,92
05,010,050410,OPEN END RIETER R60           ,31/01/2026,C,U,0523096,HILO 10/1 LISO OE CARDA TECEL,22:00,06:00,80000,540,5.3,0000000107,10,"8,00","16,76","659,84","121,24","231,96","1.855,68","1.826,70","98,4","98,5",00007,"1,002",9500,11,51,61,49,17,3,0,10,15,2,0,0,0,77,96,97,97
05,010,050410,OPEN END RIETER R60           ,02/02/2026,A,U,0523096,HILO 10/1 LISO OE CARDA TECEL,06:00,14:00,80000,540,5.3,0000000107,10,"8,00","16,76","659,84","121,24","231,96","1.855,68","1.244,00","67,0","66,9",00096,"1,002",9500,6,58,49,46,10,0,3,8,39,3,1,0,0,65,93,95,95
05,010,050410,OPEN END RIETER R60           ,02/02/2026,B,U,0523096,HILO 10/1 LISO OE CARDA TECEL,14:00,22:00,80000,540,5.3,0000000107,10,"8,00","16,76","659,84","121,24","231,96","1.855,68","1.764,50","95,1","94,9",00096,"1,002",9500,10,105,135,182,15,0,2,18,97,2,3,0,0,99,95,93,91
05,010,050410,OPEN END RIETER R60           ,02/02/2026,C,U,0523096,HILO 10/1 LISO OE CARDA TECEL,22:00,06:00,80000,540,5.3,0000000107,10,"8,00","16,76","659,84","121,24","231,96","1.855,68","1.807,60","97,4","97,2",00096,"1,002",9500,16,61,104,79,24,6,0,12,80,1,3,0,0,86,96,90,96
05,010,050410,OPEN END RIETER R60           ,03/02/2026,A,U,0523096,HILO 10/1 LISO OE CARDA TECEL,06:00,14:00,80000,540,5.3,0000000107,10,"8,00","16,76","659,84","121,24","231,96","1.855,68","1.811,50","97,6","97,4",00096,"1,002",9500,14,79,85,78,27,4,4,16,57,2,2,0,0,97,92,95,96
05,010,050410,OPEN END RIETER R60           ,03/02/2026,B,U,0523096,HILO 10/1 LISO OE CARDA TECEL,14:00,22:00,80000,540,5.3,0000000107,10,"8,00","16,76","659,84","121,24","231,96","1.855,68","1.572,40","84,7","84,6",00096,"1,002",9500,17,57,82,90,26,1,3,13,81,3,2,0,0,91,87,95,88
05,010,050410,OPEN END RIETER R60           ,03/02/2026,C,U,0523096,HILO 10/1 LISO OE CARDA TECEL,22:00,06:00,80000,540,5.3,0000000107,10,"8,00","16,76","659,84","121,24","231,96","1.855,68","218,80","11,8","11,8",00096,"1,002",9500,2,8,7,13,9,0,0,3,4,0,1,0,0,14,100,100,94
05,010,050410,OPEN END RIETER R60           ,04/02/2026,B,U,0523096,HILO 10/1 LISO OE CARDA TECEL,14:00,22:00,80000,540,5.3,0000000107,10,"8,00","16,76","659,84","121,24","231,96","1.855,68","1.085,70","58,5","58,6",00096,"1,002",9500,11,47,39,21,13,2,0,6,30,4,0,0,0,98,96,98,98
05,010,050410,OPEN END RIETER R60           ,04/02/2026,C,U,0523096,HILO 10/1 LISO OE CARDA TECEL,22:00,06:00,80000,540,5.3,0000000107,10,"8,00","16,76","659,84","121,24","231,96","1.855,68","1.793,90","96,7","96,8",00096,"1,002",9500,12,61,69,34,29,5,0,21,33,4,0,0,0,115,89,96,96
05,010,050410,OPEN END RIETER R60           ,05/02/2026,A,U,0523096,HILO 10/1 LISO OE CARDA TECEL,06:00,14:00,80000,540,5.3,0000000107,10,"8,00","16,76","659,84","121,24","231,96","1.855,68","1.803,30","97,2","97,3",00096,"1,002",9500,12,51,107,70,17,0,1,16,29,1,1,0,0,100,94,98,97
05,010,050410,OPEN END RIETER R60           ,05/02/2026,B,U,0523096,HILO 10/1 LISO OE CARDA TECEL,14:00,22:00,80000,540,5.3,0000000107,10,"8,00","16,76","659,84","121,24","231,96","1.855,68","1.798,80","96,9","97,1",00096,"1,002",9500,12,73,114,60,21,1,1,20,41,1,0,0,0,184,96,92,93
05,010,050410,OPEN END RIETER R60           ,05/02/2026,C,U,0523096,HILO 10/1 LISO OE CARDA TECEL,22:00,06:00,80000,540,5.3,0000000107,10,"8,00","16,76","659,84","121,24","231,96","1.855,68","1.806,00","97,3","97,4",00096,"1,002",9500,10,67,71,74,29,5,2,18,63,0,1,0,0,122,91,96,94
05,010,050410,OPEN END RIETER R60           ,06/02/2026,A,U,0523096,HILO 10/1 LISO OE CARDA TECEL,06:00,14:00,80000,540,5.3,0000000107,10,"8,00","16,76","659,84","121,24","231,96","1.855,68","1.022,70","55,1","55,1",00096,"1,002",9500,7,39,82,52,10,8,0,17,38,4,0,0,0,59,90,94,97
05,010,050410,OPEN END RIETER R60           ,06/02/2026,B,U,0523096,HILO 10/1 LISO OE CARDA TECEL,14:00,22:00,80000,540,5.3,0000000107,10,"8,00","16,76","659,84","121,24","231,96","1.855,68","1.803,50","97,2","97,0",00096,"1,002",9500,15,57,126,107,26,9,4,19,67,4,5,0,0,95,92,94,94
05,010,050410,OPEN END RIETER R60           ,06/02/2026,C,U,0523096,HILO 10/1 LISO OE CARDA TECEL,22:00,06:00,80000,540,5.3,0000000107,10,"8,00","16,76","659,84","121,24","231,96","1.855,68","1.813,50","97,7","97,5",00096,"1,002",9500,11,37,56,89,26,7,6,19,74,1,5,0,0,125,91,92,91
TOTAL:,"341.545,90"
