PARTIDA;INICIO;FIN
0475617;26/07/2023 06:00;26/07/2023 06:14
0475618;26/07/2023 06:14;26/07/2023 07:11
0475619;26/07/2023 07:11;26/07/2023 08:08
0475620;26/07/2023 08:08;26/07/2023 09:04
0475621;26/07/2023 09:04;26/07/2023 10:00
0475622;26/07/2023 10:00;26/07/2023 10:57
0475623;26/07/2023 10:57;26/07/2023 12:31
0475624;26/07/2023 12:31;26/07/2023 12:51
0475701;26/07/2023 13:40;26/07/2023 14:00
0475702;26/07/2023 14:05;26/07/2023 15:32
0475703;26/07/2023 15:32;26/07/2023 16:43
0475704;26/07/2023 16:43;26/07/2023 18:00
0475705;26/07/2023 18:00;26/07/2023 19:10
0475706;26/07/2023 19:10;26/07/2023 20:19
0475707;26/07/2023 20:19;26/07/2023 21:25
0475708;26/07/2023 21:25;26/07/2023 22:00
0475709;26/07/2023 22:32;26/07/2023 23:49
0475710;26/07/2023 23:49;27/07/2023 00:45
0475711;27/07/2023 00:45;27/07/2023 01:23
0475712;27/07/2023 02:10;27/07/2023 03:16
0475713;27/07/2023 03:16;27/07/2023 04:21
0475714;27/07/2023 04:21;27/07/2023 05:42
0475715;27/07/2023 15:18;27/07/2023 16:33
0475716;27/07/2023 16:33;27/07/2023 17:49
0475717;27/07/2023 17:49;27/07/2023 18:59
0475718;27/07/2023 18:59;27/07/2023 20:12
0475719;27/07/2023 20:12;27/07/2023 20:45
0475720;27/07/2023 20:45;27/07/2023 22:00
0475721;27/07/2023 22:00;27/07/2023 23:16
0475722;27/07/2023 23:16;28/07/2023 00:28
0475723;28/07/2023 00:28;28/07/2023 01:31
0475724;28/07/2023 01:31;28/07/2023 02:59
0475725;28/07/2023 02:59;28/07/2023 04:05
0475726;28/07/2023 04:05;28/07/2023 05:25
0475801;28/07/2023 06:23;28/07/2023 07:33
0475802;28/07/2023 07:33;28/07/2023 08:44
0475803;28/07/2023 08:44;28/07/2023 09:50
0475804;28/07/2023 09:50;28/07/2023 10:53
0475805;28/07/2023 10:53;28/07/2023 11:55
0475806;28/07/2023 11:55;28/07/2023 12:56
0475807;28/07/2023 12:56;28/07/2023 14:00
0475808;28/07/2023 14:00;28/07/2023 14:57
0475809;28/07/2023 14:57;28/07/2023 15:57
0475810;28/07/2023 15:57;28/07/2023 16:55
0475811;28/07/2023 16:55;28/07/2023 17:54
0475812;28/07/2023 17:54;28/07/2023 18:53
0475813;28/07/2023 19:30;28/07/2023 20:33
0475814;28/07/2023 20:33;28/07/2023 21:34
0475815;28/07/2023 21:34;28/07/2023 22:00
0475816;28/07/2023 22:35;28/07/2023 23:35
0475817;28/07/2023 23:35;29/07/2023 00:35
0475818;29/07/2023 00:35;29/07/2023 01:31
0475819;29/07/2023 01:31;29/07/2023 02:29
0475820;29/07/2023 02:29;29/07/2023 03:27
0475821;29/07/2023 03:27;29/07/2023 04:25
0475822;29/07/2023 04:25;29/07/2023 05:23
0475901;29/07/2023 08:25;29/07/2023 09:43
0475902;29/07/2023 09:43;29/07/2023 11:00
0475903;29/07/2023 11:00;29/07/2023 12:07
0475904;29/07/2023 12:07;29/07/2023 13:13
0475905;29/07/2023 13:13;29/07/2023 14:00
0475906;29/07/2023 14:17;29/07/2023 15:20
0475907;29/07/2023 15:20;29/07/2023 16:24
0475908;29/07/2023 16:24;29/07/2023 17:27
0475909;29/07/2023 17:27;29/07/2023 18:32
0475910;29/07/2023 18:32;29/07/2023 19:35
0475911;29/07/2023 19:35;29/07/2023 20:38
0475912;29/07/2023 20:38;29/07/2023 21:42
0475913;29/07/2023 21:42;29/07/2023 22:00
0475914;29/07/2023 22:46;29/07/2023 23:50
0475915;29/07/2023 23:50;30/07/2023 00:53
0475916;30/07/2023 00:53;30/07/2023 01:57
0475917;30/07/2023 01:57;30/07/2023 03:01
0475918;30/07/2023 03:01;30/07/2023 04:07
0475919;30/07/2023 04:07;30/07/2023 05:10
0475920;30/07/2023 05:10;30/07/2023 06:00
0475921;30/07/2023 06:12;30/07/2023 07:16
0475922;30/07/2023 07:16;30/07/2023 08:51
0476001;30/07/2023 09:45;30/07/2023 10:58
0476002;30/07/2023 10:58;30/07/2023 12:07
0476003;30/07/2023 12:07;30/07/2023 13:15
0476004;30/07/2023 13:15;30/07/2023 14:00
0476005;30/07/2023 14:25;30/07/2023 15:27
0476006;30/07/2023 15:27;30/07/2023 16:27
0476007;30/07/2023 16:27;30/07/2023 17:19
0476008;30/07/2023 17:19;30/07/2023 18:18
0476009;30/07/2023 18:18;30/07/2023 19:15
0476010;30/07/2023 19:15;30/07/2023 20:13
0476011;30/07/2023 20:13;30/07/2023 21:12
0476012;30/07/2023 21:12;30/07/2023 22:00
0476013;30/07/2023 22:10;30/07/2023 23:07
0476014;30/07/2023 23:07;31/07/2023 00:05
0476015;31/07/2023 00:05;31/07/2023 01:05
0476016;31/07/2023 01:05;31/07/2023 02:03
0476017;31/07/2023 02:03;31/07/2023 03:01
0476018;31/07/2023 03:01;31/07/2023 03:59
0476019;31/07/2023 03:59;31/07/2023 04:58
0476020;31/07/2023 04:58;31/07/2023 05:33
0476021;31/07/2023 06:10;31/07/2023 07:12
0476022;31/07/2023 07:12;31/07/2023 08:33
0476023;31/07/2023 08:33;31/07/2023 11:49
0476101;31/07/2023 12:18;31/07/2023 13:51
0476102;31/07/2023 13:51;31/07/2023 14:00
0476103;31/07/2023 15:02;31/07/2023 16:09
0476104;31/07/2023 16:09;31/07/2023 17:00
0476105;31/07/2023 17:00;31/07/2023 18:08
0476106;31/07/2023 18:08;31/07/2023 19:18
0476107;31/07/2023 19:18;31/07/2023 20:24
0476108;31/07/2023 20:24;31/07/2023 21:32
0476109;31/07/2023 21:32;31/07/2023 22:00
0476110;31/07/2023 22:39;31/07/2023 23:46
0476111;31/07/2023 23:46;01/08/2023 00:52
0476112;01/08/2023 00:52;01/08/2023 01:37
0476113;01/08/2023 01:37;01/08/2023 02:42
0476114;01/08/2023 02:42;01/08/2023 03:49
0476115;01/08/2023 03:49;01/08/2023 04:07
0476116;01/08/2023 04:45;01/08/2023 06:00